burst,best_so_far,burst_best
0,0.47126436781609193,0.47126436781609193
1,0.47126436781609193,0.47126436781609193
2,0.47126436781609193,0.47126436781609193
3,0.47126436781609193,0.47126436781609193
4,0.47126436781609193,0.47126436781609193
5,0.47126436781609193,0.47126436781609193
6,0.47126436781609193,0.47126436781609193
7,0.47126436781609193,0.47126436781609193
8,0.47126436781609193,0.47126436781609193
9,0.4827586206896552,0.4827586206896552
10,0.4827586206896552,0.4827586206896552
11,0.4827586206896552,0.4827586206896552
12,0.4942528735632184,0.4942528735632184
13,0.4942528735632184,0.4942528735632184
14,0.4942528735632184,0.4942528735632184
15,0.4942528735632184,0.4942528735632184
16,0.4942528735632184,0.4942528735632184
17,0.4942528735632184,0.4942528735632184
18,0.4942528735632184,0.4942528735632184
19,0.4942528735632184,0.4942528735632184
20,0.4942528735632184,0.4942528735632184
21,0.4942528735632184,0.4942528735632184
22,0.4942528735632184,0.4942528735632184
23,0.4942528735632184,0.4942528735632184
24,0.4942528735632184,0.4942528735632184
25,0.4942528735632184,0.4942528735632184
26,0.4942528735632184,0.4942528735632184
27,0.4942528735632184,0.4942528735632184
28,0.4942528735632184,0.4942528735632184
29,0.4942528735632184,0.4942528735632184
30,0.4942528735632184,0.4942528735632184
31,0.4942528735632184,0.4942528735632184
32,0.4942528735632184,0.4942528735632184
33,0.4942528735632184,0.4942528735632184
34,0.4942528735632184,0.4942528735632184
35,0.4942528735632184,0.4942528735632184
36,0.4942528735632184,0.4942528735632184
37,0.4942528735632184,0.4942528735632184
38,0.4942528735632184,0.4942528735632184
39,0.4942528735632184,0.4942528735632184
40,0.4942528735632184,0.4942528735632184
41,0.4942528735632184,0.4942528735632184
42,0.4942528735632184,0.4942528735632184
43,0.4942528735632184,0.4942528735632184
44,0.4942528735632184,0.4942528735632184
45,0.4942528735632184,0.4942528735632184
46,0.4942528735632184,0.4942528735632184
47,0.4942528735632184,0.4942528735632184
48,0.4942528735632184,0.4942528735632184
49,0.4942528735632184,0.4942528735632184
50,0.4942528735632184,0.4942528735632184
51,0.4942528735632184,0.4942528735632184
52,0.4942528735632184,0.4942528735632184
53,0.4942528735632184,0.4942528735632184
54,0.4942528735632184,0.4942528735632184
55,0.4942528735632184,0.4942528735632184
56,0.4942528735632184,0.4942528735632184
57,0.4942528735632184,0.4942528735632184
58,0.4942528735632184,0.4942528735632184
59,0.4942528735632184,0.4942528735632184
60,0.4942528735632184,0.4942528735632184
61,0.4942528735632184,0.4942528735632184
62,0.4942528735632184,0.4942528735632184
63,0.4942528735632184,0.4942528735632184
64,0.4942528735632184,0.4942528735632184
65,0.5057471264367817,0.5057471264367817
66,0.5057471264367817,0.5057471264367817
67,0.5057471264367817,0.5057471264367817
68,0.5057471264367817,0.5057471264367817
69,0.5057471264367817,0.5057471264367817
70,0.5057471264367817,0.5057471264367817
71,0.5057471264367817,0.5057471264367817
72,0.5057471264367817,0.5057471264367817
73,0.5057471264367817,0.5057471264367817
74,0.5057471264367817,0.5057471264367817
75,0.5057471264367817,0.5057471264367817
76,0.5057471264367817,0.5057471264367817
77,0.5057471264367817,0.5057471264367817
78,0.5057471264367817,0.5057471264367817
79,0.5057471264367817,0.5057471264367817
80,0.5057471264367817,0.5057471264367817
81,0.5057471264367817,0.5057471264367817
82,0.5057471264367817,0.5057471264367817
83,0.5057471264367817,0.5057471264367817
84,0.5057471264367817,0.5057471264367817
85,0.5057471264367817,0.5057471264367817
86,0.5057471264367817,0.5057471264367817
87,0.5057471264367817,0.5057471264367817
88,0.5057471264367817,0.5057471264367817
89,0.5057471264367817,0.5057471264367817
90,0.5057471264367817,0.5057471264367817
91,0.5057471264367817,0.5057471264367817
92,0.5057471264367817,0.5057471264367817
93,0.5057471264367817,0.5057471264367817
94,0.5057471264367817,0.5057471264367817
95,0.5057471264367817,0.5057471264367817
96,0.5057471264367817,0.5057471264367817
97,0.5057471264367817,0.5057471264367817
98,0.5057471264367817,0.5057471264367817
99,0.5057471264367817,0.5057471264367817
100,0.5057471264367817,0.5057471264367817
101,0.5057471264367817,0.5057471264367817
102,0.5057471264367817,0.5057471264367817
103,0.5057471264367817,0.5057471264367817
104,0.5057471264367817,0.5057471264367817
105,0.5057471264367817,0.5057471264367817
106,0.5057471264367817,0.5057471264367817
107,0.5057471264367817,0.5057471264367817
108,0.5057471264367817,0.5057471264367817
109,0.5057471264367817,0.5057471264367817
110,0.5057471264367817,0.5057471264367817
111,0.5172413793103449,0.5172413793103449
112,0.5172413793103449,0.5172413793103449
113,0.5172413793103449,0.5172413793103449
114,0.5172413793103449,0.5172413793103449
115,0.5172413793103449,0.5172413793103449
116,0.5172413793103449,0.5172413793103449
117,0.5172413793103449,0.5172413793103449
118,0.5172413793103449,0.5172413793103449
119,0.5172413793103449,0.5172413793103449
120,0.5172413793103449,0.5172413793103449
121,0.5172413793103449,0.5172413793103449
122,0.5172413793103449,0.5172413793103449
123,0.5172413793103449,0.5172413793103449
124,0.5172413793103449,0.5172413793103449
125,0.5172413793103449,0.5172413793103449
126,0.5172413793103449,0.5172413793103449
127,0.5172413793103449,0.5172413793103449
128,0.5172413793103449,0.5172413793103449
129,0.5172413793103449,0.5172413793103449
130,0.5172413793103449,0.5172413793103449
131,0.5172413793103449,0.5172413793103449
132,0.5172413793103449,0.5172413793103449
133,0.5172413793103449,0.5172413793103449
134,0.5172413793103449,0.5172413793103449
135,0.5172413793103449,0.5172413793103449
136,0.5172413793103449,0.5172413793103449
137,0.5172413793103449,0.5172413793103449
138,0.5172413793103449,0.5172413793103449
139,0.5172413793103449,0.5172413793103449
140,0.5172413793103449,0.5172413793103449
141,0.5172413793103449,0.5172413793103449
142,0.5172413793103449,0.5172413793103449
143,0.5172413793103449,0.5172413793103449
144,0.5172413793103449,0.5172413793103449
145,0.5172413793103449,0.5172413793103449
146,0.5172413793103449,0.5172413793103449
147,0.5172413793103449,0.5172413793103449
148,0.5172413793103449,0.5172413793103449
149,0.5172413793103449,0.5172413793103449
150,0.5172413793103449,0.5172413793103449
151,0.5172413793103449,0.5172413793103449
152,0.5172413793103449,0.5172413793103449
153,0.5172413793103449,0.5172413793103449
154,0.5172413793103449,0.5172413793103449
155,0.5172413793103449,0.5172413793103449
156,0.5172413793103449,0.5172413793103449
157,0.5172413793103449,0.5172413793103449
158,0.5172413793103449,0.5172413793103449
159,0.5172413793103449,0.5172413793103449
160,0.5172413793103449,0.5172413793103449
161,0.5172413793103449,0.5172413793103449
162,0.5172413793103449,0.5172413793103449
163,0.5172413793103449,0.5172413793103449
164,0.5172413793103449,0.5172413793103449
165,0.5172413793103449,0.5172413793103449
166,0.5172413793103449,0.5172413793103449
167,0.5172413793103449,0.5172413793103449
168,0.5172413793103449,0.5172413793103449
169,0.5172413793103449,0.5172413793103449
170,0.5172413793103449,0.5172413793103449
171,0.5172413793103449,0.5172413793103449
172,0.5172413793103449,0.5172413793103449
173,0.5172413793103449,0.5172413793103449
174,0.5172413793103449,0.5172413793103449
175,0.5172413793103449,0.5172413793103449
176,0.5172413793103449,0.5172413793103449
177,0.5172413793103449,0.5172413793103449
178,0.5172413793103449,0.5172413793103449
179,0.5172413793103449,0.5172413793103449
180,0.5172413793103449,0.5172413793103449
181,0.5172413793103449,0.5172413793103449
182,0.5172413793103449,0.5172413793103449
183,0.5172413793103449,0.5172413793103449
184,0.5172413793103449,0.5172413793103449
185,0.5172413793103449,0.5172413793103449
186,0.5172413793103449,0.5172413793103449
187,0.5172413793103449,0.5172413793103449
188,0.5172413793103449,0.5172413793103449
189,0.5172413793103449,0.5172413793103449
190,0.5172413793103449,0.5172413793103449
191,0.5172413793103449,0.5172413793103449
192,0.5172413793103449,0.5172413793103449
193,0.5172413793103449,0.5172413793103449
194,0.5172413793103449,0.5172413793103449
195,0.5172413793103449,0.5172413793103449
196,0.5172413793103449,0.5172413793103449
197,0.5172413793103449,0.5172413793103449
198,0.5172413793103449,0.5172413793103449
199,0.5172413793103449,0.5172413793103449
200,0.5172413793103449,0.5172413793103449
201,0.5172413793103449,0.5172413793103449
202,0.5172413793103449,0.5172413793103449
203,0.5172413793103449,0.5172413793103449
204,0.5172413793103449,0.5172413793103449
205,0.5172413793103449,0.5172413793103449
206,0.5172413793103449,0.5172413793103449
207,0.5172413793103449,0.5172413793103449
208,0.5172413793103449,0.5172413793103449
209,0.5172413793103449,0.5172413793103449
210,0.5172413793103449,0.5172413793103449
211,0.5172413793103449,0.5172413793103449
212,0.5172413793103449,0.5172413793103449
213,0.5172413793103449,0.5172413793103449
214,0.5172413793103449,0.5172413793103449
215,0.5172413793103449,0.5172413793103449
216,0.5172413793103449,0.5172413793103449
217,0.5172413793103449,0.5172413793103449
218,0.5172413793103449,0.5172413793103449
219,0.5172413793103449,0.5172413793103449
220,0.5172413793103449,0.5172413793103449
221,0.5172413793103449,0.5172413793103449
222,0.5172413793103449,0.5172413793103449
223,0.5172413793103449,0.5172413793103449
224,0.5172413793103449,0.5172413793103449
225,0.5172413793103449,0.5172413793103449
226,0.5172413793103449,0.5172413793103449
227,0.5172413793103449,0.5172413793103449
228,0.5172413793103449,0.5172413793103449
229,0.5172413793103449,0.5172413793103449
230,0.5172413793103449,0.5172413793103449
231,0.5172413793103449,0.5172413793103449
232,0.5172413793103449,0.5172413793103449
233,0.5287356321839081,0.5287356321839081
234,0.5287356321839081,0.5287356321839081
235,0.5287356321839081,0.5287356321839081
236,0.5287356321839081,0.5287356321839081
237,0.5287356321839081,0.5287356321839081
238,0.5287356321839081,0.5287356321839081
239,0.5287356321839081,0.5287356321839081
240,0.5287356321839081,0.5287356321839081
241,0.5287356321839081,0.5287356321839081
242,0.5287356321839081,0.5287356321839081
243,0.5287356321839081,0.5287356321839081
244,0.5287356321839081,0.5287356321839081
245,0.5287356321839081,0.5287356321839081
246,0.5287356321839081,0.5287356321839081
247,0.5287356321839081,0.5287356321839081
248,0.5287356321839081,0.5287356321839081
249,0.5287356321839081,0.5287356321839081
250,0.5287356321839081,0.5287356321839081
251,0.5287356321839081,0.5287356321839081
252,0.5287356321839081,0.5287356321839081
253,0.5287356321839081,0.5287356321839081
254,0.5287356321839081,0.5287356321839081
255,0.5287356321839081,0.5287356321839081
256,0.5287356321839081,0.5287356321839081
257,0.5287356321839081,0.5287356321839081
258,0.5287356321839081,0.5287356321839081
259,0.5287356321839081,0.5287356321839081
260,0.5287356321839081,0.5287356321839081
261,0.5287356321839081,0.5287356321839081
262,0.5287356321839081,0.5287356321839081
263,0.5287356321839081,0.5287356321839081
264,0.5287356321839081,0.5287356321839081
265,0.5287356321839081,0.5287356321839081
266,0.5287356321839081,0.5287356321839081
267,0.5287356321839081,0.5287356321839081
268,0.5287356321839081,0.5287356321839081
269,0.5287356321839081,0.5287356321839081
270,0.5287356321839081,0.5287356321839081
271,0.5287356321839081,0.5287356321839081
272,0.5287356321839081,0.5287356321839081
273,0.5287356321839081,0.5287356321839081
274,0.5287356321839081,0.5287356321839081
275,0.5287356321839081,0.5287356321839081
276,0.5287356321839081,0.5287356321839081
277,0.5287356321839081,0.5287356321839081
278,0.5287356321839081,0.5287356321839081
279,0.5287356321839081,0.5287356321839081
280,0.5287356321839081,0.5287356321839081
281,0.5287356321839081,0.5287356321839081
282,0.5287356321839081,0.5287356321839081
283,0.5287356321839081,0.5287356321839081
284,0.5287356321839081,0.5287356321839081
285,0.5287356321839081,0.5287356321839081
286,0.5287356321839081,0.5287356321839081
287,0.5287356321839081,0.5287356321839081
288,0.5287356321839081,0.5287356321839081
289,0.5287356321839081,0.5287356321839081
290,0.5287356321839081,0.5287356321839081
291,0.5287356321839081,0.5287356321839081
292,0.5287356321839081,0.5287356321839081
293,0.5287356321839081,0.5287356321839081
294,0.5287356321839081,0.5287356321839081
295,0.5287356321839081,0.5287356321839081
296,0.5287356321839081,0.5287356321839081
297,0.5287356321839081,0.5287356321839081
298,0.5287356321839081,0.5287356321839081
299,0.5287356321839081,0.5287356321839081
300,0.5287356321839081,0.5287356321839081
301,0.5287356321839081,0.5287356321839081
302,0.5287356321839081,0.5287356321839081
303,0.5287356321839081,0.5287356321839081
304,0.5287356321839081,0.5287356321839081
305,0.5287356321839081,0.5287356321839081
306,0.5287356321839081,0.5287356321839081
307,0.5287356321839081,0.5287356321839081
308,0.5287356321839081,0.5287356321839081
309,0.5287356321839081,0.5287356321839081
310,0.5287356321839081,0.5287356321839081
311,0.5287356321839081,0.5287356321839081
312,0.5287356321839081,0.5287356321839081
313,0.5287356321839081,0.5287356321839081
314,0.5287356321839081,0.5287356321839081
315,0.5287356321839081,0.5287356321839081
316,0.5287356321839081,0.5287356321839081
317,0.5287356321839081,0.5287356321839081
318,0.5287356321839081,0.5287356321839081
319,0.5287356321839081,0.5287356321839081
320,0.5287356321839081,0.5287356321839081
321,0.5287356321839081,0.5287356321839081
322,0.5287356321839081,0.5287356321839081
323,0.5287356321839081,0.5287356321839081
324,0.5287356321839081,0.5287356321839081
325,0.5287356321839081,0.5287356321839081
326,0.5287356321839081,0.5287356321839081
327,0.5287356321839081,0.5287356321839081
328,0.5287356321839081,0.5287356321839081
329,0.5287356321839081,0.5287356321839081
330,0.5287356321839081,0.5287356321839081
331,0.5287356321839081,0.5287356321839081
332,0.5287356321839081,0.5287356321839081
333,0.5287356321839081,0.5287356321839081
334,0.5287356321839081,0.5287356321839081
335,0.5287356321839081,0.5287356321839081
336,0.5287356321839081,0.5287356321839081
337,0.5287356321839081,0.5287356321839081
338,0.5287356321839081,0.5287356321839081
339,0.5287356321839081,0.5287356321839081
340,0.5287356321839081,0.5287356321839081
341,0.5287356321839081,0.5287356321839081
342,0.5287356321839081,0.5287356321839081
343,0.5287356321839081,0.5287356321839081
344,0.5287356321839081,0.5287356321839081
345,0.5287356321839081,0.5287356321839081
346,0.5287356321839081,0.5287356321839081
347,0.5287356321839081,0.5287356321839081
348,0.5287356321839081,0.5287356321839081
349,0.5287356321839081,0.5287356321839081
350,0.5287356321839081,0.5287356321839081
351,0.5287356321839081,0.5287356321839081
352,0.5287356321839081,0.5287356321839081
353,0.5287356321839081,0.5287356321839081
354,0.5287356321839081,0.5287356321839081
355,0.5287356321839081,0.5287356321839081
356,0.5287356321839081,0.5287356321839081
357,0.5287356321839081,0.5287356321839081
358,0.5287356321839081,0.5287356321839081
359,0.5287356321839081,0.5287356321839081
360,0.5287356321839081,0.5287356321839081
361,0.5287356321839081,0.5287356321839081
362,0.5287356321839081,0.5287356321839081
363,0.5287356321839081,0.5287356321839081
364,0.5287356321839081,0.5287356321839081
365,0.5287356321839081,0.5287356321839081
366,0.5287356321839081,0.5287356321839081
367,0.5287356321839081,0.5287356321839081
368,0.5287356321839081,0.5287356321839081
369,0.5287356321839081,0.5287356321839081
370,0.5287356321839081,0.5287356321839081
371,0.5287356321839081,0.5287356321839081
372,0.5287356321839081,0.5287356321839081
373,0.5287356321839081,0.5287356321839081
374,0.5287356321839081,0.5287356321839081
375,0.5287356321839081,0.5287356321839081
376,0.5287356321839081,0.5287356321839081
377,0.5287356321839081,0.5287356321839081
378,0.5287356321839081,0.5287356321839081
379,0.5287356321839081,0.5287356321839081
380,0.5287356321839081,0.5287356321839081
381,0.5287356321839081,0.5287356321839081
382,0.5287356321839081,0.5287356321839081
383,0.5287356321839081,0.5287356321839081
384,0.5287356321839081,0.5287356321839081
385,0.5287356321839081,0.5287356321839081
386,0.5287356321839081,0.5287356321839081
387,0.5287356321839081,0.5287356321839081
388,0.5287356321839081,0.5287356321839081
389,0.5287356321839081,0.5287356321839081
390,0.5287356321839081,0.5287356321839081
391,0.5287356321839081,0.5287356321839081
392,0.5287356321839081,0.5287356321839081
393,0.5287356321839081,0.5287356321839081
394,0.5287356321839081,0.5287356321839081
395,0.5287356321839081,0.5287356321839081
396,0.5287356321839081,0.5287356321839081
397,0.5287356321839081,0.5287356321839081
398,0.5287356321839081,0.5287356321839081
399,0.5287356321839081,0.5287356321839081
400,0.5287356321839081,0.5287356321839081
401,0.5287356321839081,0.5287356321839081
402,0.5287356321839081,0.5287356321839081
403,0.5287356321839081,0.5287356321839081
404,0.5287356321839081,0.5287356321839081
405,0.5287356321839081,0.5287356321839081
406,0.5287356321839081,0.5287356321839081
407,0.5287356321839081,0.5287356321839081
408,0.5287356321839081,0.5287356321839081
409,0.5287356321839081,0.5287356321839081
410,0.5287356321839081,0.5287356321839081
411,0.5287356321839081,0.5287356321839081
412,0.5287356321839081,0.5287356321839081
413,0.5287356321839081,0.5287356321839081
414,0.5287356321839081,0.5287356321839081
415,0.5287356321839081,0.5287356321839081
416,0.5287356321839081,0.5287356321839081
417,0.5287356321839081,0.5287356321839081
418,0.5287356321839081,0.5287356321839081
419,0.5287356321839081,0.5287356321839081
420,0.5287356321839081,0.5287356321839081
421,0.5287356321839081,0.5287356321839081
422,0.5287356321839081,0.5287356321839081
423,0.5287356321839081,0.5287356321839081
424,0.5287356321839081,0.5287356321839081
425,0.5287356321839081,0.5287356321839081
426,0.5287356321839081,0.5287356321839081
427,0.5287356321839081,0.5287356321839081
428,0.5287356321839081,0.5287356321839081
429,0.5287356321839081,0.5287356321839081
430,0.5287356321839081,0.5287356321839081
431,0.5287356321839081,0.5287356321839081
432,0.5287356321839081,0.5287356321839081
433,0.5287356321839081,0.5287356321839081
434,0.5287356321839081,0.5287356321839081
435,0.5287356321839081,0.5287356321839081
436,0.5287356321839081,0.5287356321839081
437,0.5287356321839081,0.5287356321839081
438,0.5287356321839081,0.5287356321839081
439,0.5287356321839081,0.5287356321839081
440,0.5287356321839081,0.5287356321839081
441,0.5287356321839081,0.5287356321839081
442,0.5287356321839081,0.5287356321839081
443,0.5287356321839081,0.5287356321839081
444,0.5287356321839081,0.5287356321839081
445,0.5287356321839081,0.5287356321839081
446,0.5287356321839081,0.5287356321839081
447,0.5287356321839081,0.5287356321839081
448,0.5287356321839081,0.5287356321839081
449,0.5287356321839081,0.5287356321839081
450,0.5287356321839081,0.5287356321839081
451,0.5287356321839081,0.5287356321839081
452,0.5287356321839081,0.5287356321839081
453,0.5287356321839081,0.5287356321839081
454,0.5287356321839081,0.5287356321839081
455,0.5287356321839081,0.5287356321839081
456,0.5287356321839081,0.5287356321839081
457,0.5287356321839081,0.5287356321839081
458,0.5287356321839081,0.5287356321839081
459,0.5287356321839081,0.5287356321839081
460,0.5287356321839081,0.5287356321839081
461,0.5287356321839081,0.5287356321839081
462,0.5287356321839081,0.5287356321839081
463,0.5287356321839081,0.5287356321839081
464,0.5287356321839081,0.5287356321839081
465,0.5287356321839081,0.5287356321839081
466,0.5287356321839081,0.5287356321839081
467,0.5287356321839081,0.5287356321839081
468,0.5287356321839081,0.5287356321839081
469,0.5287356321839081,0.5287356321839081
470,0.5287356321839081,0.5287356321839081
471,0.5287356321839081,0.5287356321839081
472,0.5287356321839081,0.5287356321839081
473,0.5287356321839081,0.5287356321839081
474,0.5287356321839081,0.5287356321839081
475,0.5287356321839081,0.5287356321839081
476,0.5287356321839081,0.5287356321839081
477,0.5287356321839081,0.5287356321839081
478,0.5287356321839081,0.5287356321839081
479,0.5287356321839081,0.5287356321839081
480,0.5287356321839081,0.5287356321839081
481,0.5287356321839081,0.5287356321839081
482,0.5287356321839081,0.5287356321839081
483,0.5287356321839081,0.5287356321839081
484,0.5287356321839081,0.5287356321839081
485,0.5287356321839081,0.5287356321839081
486,0.5287356321839081,0.5287356321839081
487,0.5287356321839081,0.5287356321839081
488,0.5287356321839081,0.5287356321839081
489,0.5287356321839081,0.5287356321839081
490,0.5287356321839081,0.5287356321839081
491,0.5287356321839081,0.5287356321839081
492,0.5287356321839081,0.5287356321839081
493,0.5287356321839081,0.5287356321839081
494,0.5287356321839081,0.5287356321839081
495,0.5287356321839081,0.5287356321839081
496,0.5287356321839081,0.5287356321839081
497,0.5287356321839081,0.5287356321839081
498,0.5287356321839081,0.5287356321839081
499,0.5287356321839081,0.5287356321839081
500,0.5287356321839081,0.5287356321839081
501,0.5287356321839081,0.5287356321839081
502,0.5287356321839081,0.5287356321839081
503,0.5287356321839081,0.5287356321839081
504,0.5287356321839081,0.5287356321839081
505,0.5287356321839081,0.5287356321839081
506,0.5287356321839081,0.5287356321839081
507,0.5287356321839081,0.5287356321839081
508,0.5287356321839081,0.5287356321839081
509,0.5287356321839081,0.5287356321839081
510,0.5287356321839081,0.5287356321839081
511,0.5287356321839081,0.5287356321839081
512,0.5287356321839081,0.5287356321839081
513,0.5287356321839081,0.5287356321839081
514,0.5287356321839081,0.5287356321839081
515,0.5287356321839081,0.5287356321839081
516,0.5287356321839081,0.5287356321839081
517,0.5287356321839081,0.5287356321839081
518,0.5287356321839081,0.5287356321839081
519,0.5287356321839081,0.5287356321839081
520,0.5287356321839081,0.5287356321839081
521,0.5287356321839081,0.5287356321839081
522,0.5287356321839081,0.5287356321839081
523,0.5287356321839081,0.5287356321839081
524,0.5287356321839081,0.5287356321839081
525,0.5287356321839081,0.5287356321839081
526,0.5287356321839081,0.5287356321839081
527,0.5287356321839081,0.5287356321839081
528,0.5287356321839081,0.5287356321839081
529,0.5287356321839081,0.5287356321839081
530,0.5287356321839081,0.5287356321839081
531,0.5287356321839081,0.5287356321839081
532,0.5287356321839081,0.5287356321839081
533,0.5287356321839081,0.5287356321839081
534,0.5287356321839081,0.5287356321839081
535,0.5287356321839081,0.5287356321839081
536,0.5287356321839081,0.5287356321839081
537,0.5287356321839081,0.5287356321839081
538,0.5287356321839081,0.5287356321839081
539,0.5287356321839081,0.5287356321839081
540,0.5287356321839081,0.5287356321839081
541,0.5287356321839081,0.5287356321839081
542,0.5287356321839081,0.5287356321839081
543,0.5287356321839081,0.5287356321839081
544,0.5287356321839081,0.5287356321839081
545,0.5287356321839081,0.5287356321839081
546,0.5287356321839081,0.5287356321839081
547,0.5287356321839081,0.5287356321839081
548,0.5287356321839081,0.5287356321839081
549,0.5287356321839081,0.5287356321839081
550,0.5287356321839081,0.5287356321839081
551,0.5287356321839081,0.5287356321839081
552,0.5287356321839081,0.5287356321839081
553,0.5287356321839081,0.5287356321839081
554,0.5287356321839081,0.5287356321839081
555,0.5287356321839081,0.5287356321839081
556,0.5287356321839081,0.5287356321839081
557,0.5287356321839081,0.5287356321839081
558,0.5287356321839081,0.5287356321839081
559,0.5287356321839081,0.5287356321839081
560,0.5287356321839081,0.5287356321839081
561,0.5287356321839081,0.5287356321839081
562,0.5287356321839081,0.5287356321839081
563,0.5287356321839081,0.5287356321839081
564,0.5287356321839081,0.5287356321839081
565,0.5287356321839081,0.5287356321839081
566,0.5287356321839081,0.5287356321839081
567,0.5287356321839081,0.5287356321839081
568,0.5287356321839081,0.5287356321839081
569,0.5287356321839081,0.5287356321839081
570,0.5287356321839081,0.5287356321839081
571,0.5287356321839081,0.5287356321839081
572,0.5287356321839081,0.5287356321839081
573,0.5287356321839081,0.5287356321839081
574,0.5287356321839081,0.5287356321839081
575,0.5287356321839081,0.5287356321839081
576,0.5287356321839081,0.5287356321839081
577,0.5287356321839081,0.5287356321839081
578,0.5287356321839081,0.5287356321839081
579,0.5287356321839081,0.5287356321839081
580,0.5287356321839081,0.5287356321839081
581,0.5287356321839081,0.5287356321839081
582,0.5287356321839081,0.5287356321839081
583,0.5287356321839081,0.5287356321839081
584,0.5287356321839081,0.5287356321839081
585,0.5287356321839081,0.5287356321839081
586,0.5287356321839081,0.5287356321839081
587,0.5287356321839081,0.5287356321839081
588,0.5287356321839081,0.5287356321839081
589,0.5287356321839081,0.5287356321839081
590,0.5287356321839081,0.5287356321839081
591,0.5287356321839081,0.5287356321839081
592,0.5287356321839081,0.5287356321839081
593,0.5287356321839081,0.5287356321839081
594,0.5287356321839081,0.5287356321839081
595,0.5287356321839081,0.5287356321839081
596,0.5287356321839081,0.5287356321839081
597,0.5287356321839081,0.5287356321839081
598,0.5287356321839081,0.5287356321839081
599,0.5287356321839081,0.5287356321839081
600,0.5287356321839081,0.5287356321839081
601,0.5287356321839081,0.5287356321839081
602,0.5287356321839081,0.5287356321839081
603,0.5287356321839081,0.5287356321839081
604,0.5287356321839081,0.5287356321839081
605,0.5287356321839081,0.5287356321839081
606,0.5287356321839081,0.5287356321839081
607,0.5287356321839081,0.5287356321839081
608,0.5287356321839081,0.5287356321839081
609,0.5287356321839081,0.5287356321839081
610,0.5287356321839081,0.5287356321839081
611,0.5287356321839081,0.5287356321839081
612,0.5287356321839081,0.5287356321839081
613,0.5287356321839081,0.5287356321839081
614,0.5287356321839081,0.5287356321839081
615,0.5287356321839081,0.5287356321839081
616,0.5287356321839081,0.5287356321839081
617,0.5287356321839081,0.5287356321839081
618,0.5287356321839081,0.5287356321839081
619,0.5287356321839081,0.5287356321839081
620,0.5287356321839081,0.5287356321839081
621,0.5287356321839081,0.5287356321839081
622,0.5287356321839081,0.5287356321839081
623,0.5287356321839081,0.5287356321839081
624,0.5287356321839081,0.5287356321839081
625,0.5287356321839081,0.5287356321839081
626,0.5287356321839081,0.5287356321839081
627,0.5287356321839081,0.5287356321839081
628,0.5287356321839081,0.5287356321839081
629,0.5287356321839081,0.5287356321839081
630,0.5287356321839081,0.5287356321839081
631,0.5287356321839081,0.5287356321839081
632,0.5287356321839081,0.5287356321839081
633,0.5287356321839081,0.5287356321839081
634,0.5287356321839081,0.5287356321839081
635,0.5287356321839081,0.5287356321839081
636,0.5287356321839081,0.5287356321839081
637,0.5287356321839081,0.5287356321839081
638,0.5287356321839081,0.5287356321839081
639,0.5287356321839081,0.5287356321839081
640,0.5287356321839081,0.5287356321839081
641,0.5287356321839081,0.5287356321839081
642,0.5287356321839081,0.5287356321839081
643,0.5287356321839081,0.5287356321839081
644,0.5287356321839081,0.5287356321839081
645,0.5287356321839081,0.5287356321839081
646,0.5287356321839081,0.5287356321839081
647,0.5287356321839081,0.5287356321839081
648,0.5287356321839081,0.5287356321839081
649,0.5287356321839081,0.5287356321839081
650,0.5287356321839081,0.5287356321839081
651,0.5287356321839081,0.5287356321839081
652,0.5287356321839081,0.5287356321839081
653,0.5287356321839081,0.5287356321839081
654,0.5287356321839081,0.5287356321839081
655,0.5287356321839081,0.5287356321839081
656,0.5287356321839081,0.5287356321839081
657,0.5287356321839081,0.5287356321839081
658,0.5287356321839081,0.5287356321839081
659,0.5287356321839081,0.5287356321839081
660,0.5287356321839081,0.5287356321839081
661,0.5287356321839081,0.5287356321839081
662,0.5287356321839081,0.5287356321839081
663,0.5287356321839081,0.5287356321839081
664,0.5287356321839081,0.5287356321839081
665,0.5287356321839081,0.5287356321839081
666,0.5287356321839081,0.5287356321839081
667,0.5287356321839081,0.5287356321839081
668,0.5287356321839081,0.5287356321839081
669,0.5287356321839081,0.5287356321839081
670,0.5287356321839081,0.5287356321839081
671,0.5287356321839081,0.5287356321839081
672,0.5287356321839081,0.5287356321839081
673,0.5287356321839081,0.5287356321839081
674,0.5287356321839081,0.5287356321839081
675,0.5287356321839081,0.5287356321839081
676,0.5287356321839081,0.5287356321839081
677,0.5287356321839081,0.5287356321839081
678,0.5287356321839081,0.5287356321839081
679,0.5287356321839081,0.5287356321839081
680,0.5287356321839081,0.5287356321839081
681,0.5287356321839081,0.5287356321839081
682,0.5287356321839081,0.5287356321839081
683,0.5287356321839081,0.5287356321839081
684,0.5287356321839081,0.5287356321839081
685,0.5287356321839081,0.5287356321839081
686,0.5287356321839081,0.5287356321839081
687,0.5287356321839081,0.5287356321839081
688,0.5287356321839081,0.5287356321839081
689,0.5287356321839081,0.5287356321839081
690,0.5287356321839081,0.5287356321839081
691,0.5287356321839081,0.5287356321839081
692,0.5287356321839081,0.5287356321839081
693,0.5287356321839081,0.5287356321839081
694,0.5287356321839081,0.5287356321839081
695,0.5287356321839081,0.5287356321839081
696,0.5287356321839081,0.5287356321839081
697,0.5287356321839081,0.5287356321839081
698,0.5287356321839081,0.5287356321839081
699,0.5287356321839081,0.5287356321839081
700,0.5287356321839081,0.5287356321839081
701,0.5287356321839081,0.5287356321839081
702,0.5287356321839081,0.5287356321839081
703,0.5287356321839081,0.5287356321839081
704,0.5287356321839081,0.5287356321839081
705,0.5287356321839081,0.5287356321839081
706,0.5287356321839081,0.5287356321839081
707,0.5287356321839081,0.5287356321839081
708,0.5287356321839081,0.5287356321839081
709,0.5287356321839081,0.5287356321839081
710,0.5287356321839081,0.5287356321839081
711,0.5287356321839081,0.5287356321839081
712,0.5287356321839081,0.5287356321839081
713,0.5287356321839081,0.5287356321839081
714,0.5287356321839081,0.5287356321839081
715,0.5287356321839081,0.5287356321839081
716,0.5287356321839081,0.5287356321839081
717,0.5287356321839081,0.5287356321839081
718,0.5287356321839081,0.5287356321839081
719,0.5287356321839081,0.5287356321839081
720,0.5287356321839081,0.5287356321839081
721,0.5287356321839081,0.5287356321839081
722,0.5287356321839081,0.5287356321839081
723,0.5287356321839081,0.5287356321839081
724,0.5287356321839081,0.5287356321839081
725,0.5287356321839081,0.5287356321839081
726,0.5287356321839081,0.5287356321839081
727,0.5287356321839081,0.5287356321839081
728,0.5287356321839081,0.5287356321839081
729,0.5287356321839081,0.5287356321839081
730,0.5287356321839081,0.5287356321839081
731,0.5287356321839081,0.5287356321839081
732,0.5287356321839081,0.5287356321839081
733,0.5287356321839081,0.5287356321839081
734,0.5287356321839081,0.5287356321839081
735,0.5287356321839081,0.5287356321839081
736,0.5287356321839081,0.5287356321839081
737,0.5287356321839081,0.5287356321839081
738,0.5287356321839081,0.5287356321839081
739,0.5287356321839081,0.5287356321839081
740,0.5287356321839081,0.5287356321839081
741,0.5287356321839081,0.5287356321839081
742,0.5287356321839081,0.5287356321839081
743,0.5287356321839081,0.5287356321839081
744,0.5287356321839081,0.5287356321839081
745,0.5287356321839081,0.5287356321839081
746,0.5287356321839081,0.5287356321839081
747,0.5287356321839081,0.5287356321839081
748,0.5287356321839081,0.5287356321839081
749,0.5287356321839081,0.5287356321839081
750,0.5287356321839081,0.5287356321839081
751,0.5287356321839081,0.5287356321839081
752,0.5287356321839081,0.5287356321839081
753,0.5287356321839081,0.5287356321839081
754,0.5287356321839081,0.5287356321839081
755,0.5287356321839081,0.5287356321839081
756,0.5287356321839081,0.5287356321839081
757,0.5287356321839081,0.5287356321839081
758,0.5287356321839081,0.5287356321839081
759,0.5287356321839081,0.5287356321839081
760,0.5287356321839081,0.5287356321839081
761,0.5287356321839081,0.5287356321839081
762,0.5287356321839081,0.5287356321839081
763,0.5287356321839081,0.5287356321839081
764,0.5287356321839081,0.5287356321839081
765,0.5287356321839081,0.5287356321839081
766,0.5287356321839081,0.5287356321839081
767,0.5287356321839081,0.5287356321839081
768,0.5287356321839081,0.5287356321839081
769,0.5287356321839081,0.5287356321839081
770,0.5287356321839081,0.5287356321839081
771,0.5287356321839081,0.5287356321839081
772,0.5287356321839081,0.5287356321839081
773,0.5287356321839081,0.5287356321839081
774,0.5287356321839081,0.5287356321839081
775,0.5287356321839081,0.5287356321839081
776,0.5287356321839081,0.5287356321839081
777,0.5287356321839081,0.5287356321839081
778,0.5287356321839081,0.5287356321839081
779,0.5287356321839081,0.5287356321839081
780,0.5287356321839081,0.5287356321839081
781,0.5287356321839081,0.5287356321839081
782,0.5287356321839081,0.5287356321839081
783,0.5287356321839081,0.5287356321839081
784,0.5287356321839081,0.5287356321839081
785,0.5287356321839081,0.5287356321839081
786,0.5287356321839081,0.5287356321839081
787,0.5287356321839081,0.5287356321839081
788,0.5287356321839081,0.5287356321839081
789,0.5287356321839081,0.5287356321839081
790,0.5287356321839081,0.5287356321839081
791,0.5287356321839081,0.5287356321839081
792,0.5287356321839081,0.5287356321839081
793,0.5287356321839081,0.5287356321839081
794,0.5287356321839081,0.5287356321839081
795,0.5287356321839081,0.5287356321839081
796,0.5287356321839081,0.5287356321839081
797,0.5287356321839081,0.5287356321839081
798,0.5287356321839081,0.5287356321839081
799,0.5287356321839081,0.5287356321839081
