efficiency_gap,mean_median,declination,seats_at_50_50,ucp_seats,n_districts,ucp_vote_share,step,population_mad,reock_proxy_median,reock_proxy_pct_below_030,burst,burst_seed
0.0017394488135663937,-0.012875101199648742,-0.03476890876806648,0.45977011494252873,54,87,0.5740427639062994,9,2605.1840241330137,0.4293842299733217,0.13793103448275862,0,191664963
0.00228295190718969,-0.012667660110458279,-0.03285588609363557,0.45977011494252873,54,87,0.5740427639062994,9,2944.155606509288,0.4275072080763801,0.14942528735632185,1,1662057957
-0.011247397446239949,-0.012360810522422327,-0.05588038044756702,0.45977011494252873,53,87,0.5740427639062995,9,3059.0225571373303,0.4140136012999256,0.11494252873563218,2,1405681631
-0.0009689467889990977,-0.013139333875628822,-0.03557281140080448,0.4482758620689655,54,87,0.5740427639062995,9,2960.4336028556645,0.4522280019080022,0.13793103448275862,3,942484272
0.003941772143672861,-0.012147891214962958,-0.03194352422524571,0.4482758620689655,54,87,0.5740427639062995,9,2968.761828308365,0.41563802937126976,0.13793103448275862,4,929893137
0.00180484828458271,-0.012736315585873181,-0.0340566243510189,0.47126436781609193,54,87,0.5740427639062995,9,3370.3402225452883,0.4408831328889541,0.11494252873563218,5,1843824992
0.0036348658193281883,-0.0107982441734088,-0.03377347511125669,0.47126436781609193,54,87,0.5740427639062995,9,2552.681824051353,0.44285501494434615,0.11494252873563218,6,184566854
0.0002123840681842426,-0.015860145677371706,-0.03543608122702383,0.47126436781609193,54,87,0.5740427639062996,9,2889.7693575216035,0.4407719880685562,0.12643678160919541,7,1497586438
0.015111552643700355,-0.012643045079112958,-0.008783640667084156,0.4482758620689655,55,87,0.5740427639062996,9,3420.0918341465367,0.4275072080763801,0.12643678160919541,8,432652533
0.006678105255439249,-0.013396715808723814,-0.03133034754702169,0.4482758620689655,54,87,0.5740427639062994,9,2990.4308957613466,0.4266955621542589,0.12643678160919541,9,202244314
0.003864118383899956,-0.011803293434353268,-0.03117872083008075,0.45977011494252873,54,87,0.5740427639062994,9,3023.1480772960495,0.4113579393535959,0.09195402298850575,10,1130604997
0.004368939075773709,-0.013173486022741154,-0.035737569785754375,0.45977011494252873,54,87,0.5740427639062994,9,3256.389137501101,0.4275072080763801,0.12643678160919541,11,2095133045
0.004973941977953702,-0.01269272407148414,-0.03372484627926414,0.45977011494252873,54,87,0.5740427639062995,9,3152.421236599039,0.4113579393535959,0.11494252873563218,12,1580016183
0.00587287114543201,-0.012042954492781144,-0.031385329127633255,0.45977011494252873,54,87,0.5740427639062994,9,2675.8482694670747,0.4113579393535959,0.11494252873563218,13,1634535062
0.0001638606574345639,-0.012907287583569182,-0.034573497341283586,0.47126436781609193,54,87,0.5740427639062995,9,3069.423366548108,0.4407719880685562,0.11494252873563218,14,1540770719
-0.00044560642203064847,-0.012789087351586681,-0.03576130474777591,0.4482758620689655,54,87,0.5740427639062996,9,2998.759121214047,0.4416414866742879,0.10344827586206896,15,1688060240
-0.001986131291379467,-0.012847578097342494,-0.0366302540644039,0.47126436781609193,54,87,0.5740427639062994,9,3292.4856650831352,0.43458405040925935,0.13793103448275862,16,1102145672
0.003024841949850176,-0.009540858929192986,-0.04004388026062605,0.4482758620689655,54,87,0.5740427639062996,9,3637.1444859427647,0.439476068093317,0.11494252873563218,17,275121930
0.021939364647869976,-0.012391028678033433,-0.005685340253129763,0.45977011494252873,55,87,0.5740427639062994,9,3281.5141267451763,0.4300299551535544,0.12643678160919541,18,1803345590
0.0050372432771969315,-0.012667215906252083,-0.03287147596209047,0.47126436781609193,54,87,0.5740427639062995,9,3033.396234388747,0.4522280019080022,0.12643678160919541,19,967196436
-0.006347423164716233,-0.011959908595057467,-0.053421770278924245,0.45977011494252873,53,87,0.5740427639062994,9,2960.4336028556645,0.41934421980899933,0.14942528735632185,20,1074497555
0.00436893907577371,-0.01219398755792589,-0.03172144870545137,0.4482758620689655,54,87,0.5740427639062994,9,2968.8571245928324,0.4353907102943355,0.11494252873563218,21,796282693
0.0014483607329542293,-0.012785002860604133,-0.030476342618626837,0.45977011494252873,54,87,0.5740427639062995,9,3069.423366548108,0.44285501494434615,0.13793103448275862,22,392022359
-0.013756816519534993,-0.021735531016452647,-0.05744770772725783,0.45977011494252873,53,87,0.5740427639062995,9,3033.396234388747,0.4353907102943355,0.12643678160919541,23,1990212658
0.01562589650071987,-0.009660012122380324,-0.010840846920348307,0.47126436781609193,55,87,0.5740427639062994,9,3407.3526157111774,0.4353907102943355,0.13793103448275862,24,1678403330
0.004203579080481243,-0.012263331501021768,-0.030925874442812085,0.45977011494252873,54,87,0.5740427639062995,9,3122.634009622656,0.44285501494434615,0.13793103448275862,25,1382689815
0.0031526258009399897,-0.01230395753342306,-0.031241061645729623,0.4482758620689655,54,87,0.5740427639062994,9,3216.563337515465,0.45146626054233024,0.10344827586206896,26,864178266
0.012461325846097356,-0.019899456706372387,-0.013227167035364832,0.45977011494252873,55,87,0.5740427639062994,9,3033.396234388747,0.41563802937126976,0.13793103448275862,27,1766867109
0.006901662420240686,-0.012416810554024216,-0.0317399529820424,0.45977011494252873,54,87,0.5740427639062996,9,3336.6883703771164,0.4407719880685562,0.12643678160919541,28,1171300112
0.004368939075773742,-0.030823746863630763,-0.03004841007735994,0.42528735632183906,54,87,0.5740427639062995,9,2942.542544368902,0.42596489887984795,0.13793103448275862,29,952224740
0.015069702143390281,-0.012176682388674198,-0.007409933661367494,0.4482758620689655,55,87,0.5740427639062994,9,3291.347751758527,0.4353907102943355,0.11494252873563218,30,967354524
0.004368939075773775,-0.012765345421887897,-0.03326404898251308,0.45977011494252873,54,87,0.5740427639062996,9,2675.8482694670747,0.4407719880685562,0.11494252873563218,31,487991438
0.004856367754268204,-0.012519543047614823,-0.03028021174817904,0.45977011494252873,54,87,0.5740427639062995,9,3492.4881086991227,0.434282822324414,0.11494252873563218,32,197860368
0.0017053773203093282,-0.012811720528256854,-0.03456249959409119,0.45977011494252873,54,87,0.5740427639062995,9,3103.7661186375844,0.41563802937126976,0.10344827586206896,33,1190961760
0.028049326588490537,-0.012418326644896616,0.01711323099034915,0.47126436781609193,56,87,0.5740427639062994,9,3278.316563882574,0.44285501494434615,0.11494252873563218,34,1906728918
0.007083505838056208,-0.0240598053456359,-0.035579606452854115,0.4482758620689655,54,87,0.5740427639062995,9,3122.634009622656,0.4353907102943355,0.10344827586206896,35,137046513
0.0023860729661471917,-0.013241328047388534,-0.03667887070537449,0.4367816091954023,54,87,0.5740427639062994,9,3292.4856650831352,0.41563802937126976,0.12643678160919541,36,1843166518
0.01630997332120069,-0.012185487654119198,-0.007258392977036966,0.4367816091954023,55,87,0.5740427639062996,9,3143.5692624514486,0.42457694154805525,0.11494252873563218,37,1777324407
0.0050489562657994,-0.012095853272680812,-0.029854877542728923,0.45977011494252873,54,87,0.5740427639062995,9,3014.819851843349,0.41563802937126976,0.12643678160919541,38,594336917
-0.004893224163190782,-0.012337739761571709,-0.05569481380915222,0.45977011494252873,53,87,0.5740427639062994,9,3171.0429940886315,0.43623558898000986,0.10344827586206896,39,1356488967
0.012687141915101998,-0.00951681525978032,-0.015132157252008328,0.47126436781609193,55,87,0.5740427639062994,9,3415.309218712093,0.41504048477899813,0.13793103448275862,40,354826746
0.007121425012221239,-0.019468806769782243,-0.030571791429117465,0.45977011494252873,54,87,0.5740427639062995,9,3069.994095475289,0.4276123396883318,0.12643678160919541,41,1627981024
-0.0017138009871190028,-0.012988210369383246,-0.03463011162194834,0.47126436781609193,54,87,0.5740427639062996,9,3122.634009622656,0.44183266790536263,0.12643678160919541,42,1504361614
0.006643754944725122,-0.012533174812837666,-0.03078654302567324,0.4482758620689655,54,87,0.5740427639062996,9,3117.2740339903685,0.4383985882301477,0.12643678160919541,43,761338718
0.03217659369306519,-0.009081264549312462,0.015525308971551011,0.47126436781609193,56,87,0.5740427639062994,9,3341.0993633597755,0.4353907102943355,0.11494252873563218,44,145857092
0.0045479398832290975,-0.018426517331273318,-0.032634898859792115,0.45977011494252873,54,87,0.5740427639062995,9,2990.4308957613466,0.41820576438397017,0.12643678160919541,45,2084558133
0.015625896500719803,-0.013361984219382506,-0.01128735230376245,0.45977011494252873,55,87,0.5740427639062994,9,3122.634009622656,0.4353907102943355,0.10344827586206896,46,957106589
0.03702053717246486,-0.01114811258934123,0.024830978233440538,0.4482758620689655,56,87,0.5740427639062994,9,3249.67036275546,0.4275072080763801,0.12643678160919541,47,1917963002
0.0022206784505980804,-0.012325717292901661,-0.03248875647256961,0.45977011494252873,54,87,0.5740427639062995,9,2889.7693575216035,0.4522280019080022,0.11494252873563218,48,1455819991
0.004825939475783849,-0.012461178005931717,-0.03278444186877519,0.4482758620689655,54,87,0.5740427639062996,9,2766.70195948692,0.4353907102943355,0.11494252873563218,49,1671565830
0.01673913627247402,-0.01274469605967321,-0.009456636837554553,0.45977011494252873,55,87,0.5740427639062995,9,3078.904533568486,0.4241507385896115,0.10344827586206896,50,1631871623
0.004368939075773742,-0.011817108582094615,-0.034373711032872796,0.4482758620689655,54,87,0.5740427639062995,9,2960.4336028556645,0.4407719880685562,0.12643678160919541,51,417983441
0.0019049734439287864,-0.012896839531018167,-0.035540247550861326,0.45977011494252873,54,87,0.5740427639062994,9,2726.969613769659,0.41563802937126976,0.11494252873563218,52,781482251
0.002947973787431874,-0.012913346999077424,-0.03543239796144401,0.45977011494252873,54,87,0.5740427639062995,9,3134.361075628156,0.4353907102943355,0.10344827586206896,53,1002275723
0.016065439427609986,-0.01262287057764444,-0.011418596168212903,0.4482758620689655,55,87,0.5740427639062995,9,3059.0225571373303,0.4522280019080022,0.12643678160919541,54,1068999196
0.0032694206232143958,-0.008615136919130406,-0.03338347720333033,0.45977011494252873,54,87,0.5740427639062994,9,3014.819851843349,0.4275072080763801,0.10344827586206896,55,94067870
0.013159124106473357,-0.015279431601236015,-0.010756154622365574,0.4482758620689655,55,87,0.5740427639062994,9,2973.676413724861,0.44285501494434615,0.12643678160919541,56,1173749071
0.03371222111165171,-0.023589093218357005,0.022616414727599832,0.4482758620689655,56,87,0.5740427639062994,9,3278.316563882574,0.44285501494434615,0.12643678160919541,57,331334160
0.006549018968747513,-0.012452452974117234,-0.03196521002460413,0.45977011494252873,54,87,0.5740427639062996,9,2953.514082706861,0.44285501494434615,0.13793103448275862,58,1596387604
0.014256140685331209,-0.013405777209895775,-0.012862209193370415,0.45977011494252873,55,87,0.5740427639062994,9,2891.6534064276275,0.4313006825702035,0.12643678160919541,59,1466836456
0.009075173285411802,-0.011443189300237022,-0.026553752697462536,0.4482758620689655,54,87,0.5740427639062994,9,3014.819851843349,0.4275072080763801,0.12643678160919541,60,1981113449
0.03444696707053342,-0.012288410525339577,0.020879652106997236,0.4482758620689655,56,87,0.5740427639062994,9,2840.6230456452686,0.44285501494434615,0.14942528735632185,61,1599364550
-0.010193659532666927,-0.01323320704389419,-0.05388508162254779,0.45977011494252873,53,87,0.5740427639062994,9,3238.0994160954506,0.4522280019080022,0.11494252873563218,62,787359109
0.0038501527272712627,-0.027869294228372254,-0.03298561338668727,0.4367816091954023,54,87,0.5740427639062995,9,3167.3967941812734,0.44065864800240057,0.13793103448275862,63,2077711328
0.015625896500719837,-0.012275959317031848,-0.008374143671834157,0.45977011494252873,55,87,0.5740427639062995,9,3063.131178383017,0.42798599493545064,0.09195402298850575,64,882294416
0.004127576097081354,-0.01216828520931268,-0.029801365304311794,0.4482758620689655,54,87,0.5740427639062995,9,3014.819851843349,0.4407719880685562,0.14942528735632185,65,699704628
0.006498723397459188,-0.011390792429390117,-0.029468284693437128,0.4367816091954023,54,87,0.5740427639062994,9,3267.345025544615,0.4113579393535959,0.12643678160919541,66,1944623248
0.02289501280976724,-0.014050223010163343,0.01041488318993492,0.45977011494252873,56,87,0.5740427639062996,9,3108.945808537668,0.4275072080763801,0.10344827586206896,67,795556160
0.005996923228037314,-0.012279722902964418,-0.032775813505952954,0.45977011494252873,54,87,0.5740427639062995,9,3328.360144924416,0.41563802937126976,0.12643678160919541,68,163945743
0.009878548612371684,-0.014515997709650175,-0.015003759978534016,0.45977011494252873,55,87,0.5740427639062995,9,2675.8482694670747,0.41563802937126976,0.12643678160919541,69,1008363426
0.002327914300001387,-0.01863851288772289,-0.03263360662167209,0.45977011494252873,54,87,0.5740427639062995,9,3250.021482866243,0.44285501494434615,0.12643678160919541,70,1708709735
0.006202479849295178,-0.00838402624272283,-0.03296598590865337,0.47126436781609193,54,87,0.5740427639062995,9,3014.819851843349,0.41563802937126976,0.11494252873563218,71,406886644
0.006147980330348261,-0.019666099275576387,-0.032474663210784245,0.4482758620689655,54,87,0.5740427639062995,9,3043.6415388358946,0.43687485771424583,0.12643678160919541,72,994157306
0.0038187950572632456,-0.014874031075495009,-0.03186389158004345,0.45977011494252873,54,87,0.5740427639062995,9,2975.9032309576432,0.4353907102943355,0.11494252873563218,73,279004307
0.00263657717432571,-0.012778046819131417,-0.03448987312881241,0.45977011494252873,54,87,0.5740427639062995,9,2944.155606509288,0.4374207012612715,0.12643678160919541,74,1474200731
0.01224481684865078,-0.013624327077120024,-0.012254215905479825,0.45977011494252873,55,87,0.5740427639062995,9,3121.9255666297686,0.4200093594324988,0.14942528735632185,75,1021568549
0.0037782549990016084,-0.012267951582474734,-0.033024925828656196,0.4482758620689655,54,87,0.5740427639062996,9,3038.86022611933,0.4353907102943355,0.11494252873563218,76,709091226
0.003690340756807574,-0.010860141255160882,-0.03136052706546897,0.45977011494252873,54,87,0.5740427639062995,9,3069.994095475289,0.44285501494434615,0.11494252873563218,77,487284116
0.012950680175548748,-0.012692457438342353,-0.011081570500705316,0.45977011494252873,55,87,0.5740427639062994,9,3085.2424122503653,0.4353907102943355,0.13793103448275862,78,1212254290
0.005036502419382412,-0.012261548518758603,-0.031716508604128474,0.45977011494252873,54,87,0.5740427639062996,9,3227.1278777574917,0.42826456777008765,0.11494252873563218,79,1438414599
0.014706793341234725,-0.011725673308601858,-0.005366870662354453,0.45977011494252873,55,87,0.5740427639062994,9,3039.29811742311,0.4353907102943355,0.12643678160919541,80,2019291964
-0.008380230791717309,-0.008778445481790964,-0.05289976497285305,0.45977011494252873,53,87,0.5740427639062994,9,3281.5141267451763,0.4522280019080022,0.10344827586206896,81,938776596
0.0022365776841634048,-0.012710478528013991,-0.03420661276889036,0.47126436781609193,54,87,0.5740427639062995,9,2635.7471645617916,0.44285501494434615,0.12643678160919541,82,345075200
0.006116949275075674,-0.01196621721804747,-0.028938387982981095,0.4482758620689655,54,87,0.5740427639062995,9,3292.4856650831352,0.4275072080763801,0.10344827586206896,83,1788162809
0.00885978370183372,-0.0117994460036146,-0.03111660506222025,0.4367816091954023,54,87,0.5740427639062994,9,2960.4336028556645,0.41563802937126976,0.12643678160919541,84,1352408538
0.004337488466613381,-0.012307154992037717,-0.0331772735405667,0.4482758620689655,54,87,0.5740427639062995,9,2766.70195948692,0.43754316227493867,0.13793103448275862,85,1503807854
0.004368939075773742,-0.017875353180348608,-0.029282393102717734,0.45977011494252873,54,87,0.5740427639062995,9,3238.0994160954506,0.4275072080763801,0.12643678160919541,86,208792607
0.002725496044500078,-0.01279605767097558,-0.03525535445655875,0.45977011494252873,54,87,0.5740427639062995,9,2625.99732698725,0.4056953381807916,0.11494252873563218,87,670802254
0.00436893907577371,-0.012780970648292866,-0.03351353220591728,0.47126436781609193,54,87,0.5740427639062994,9,3098.9890950943955,0.415449738638461,0.12643678160919541,88,1648932249
0.006052917940802154,-0.01209769367193525,-0.03186915013678104,0.4482758620689655,54,87,0.5740427639062994,9,2990.4308957613466,0.44210571395942094,0.12643678160919541,89,1787264313
0.01242295175288655,-0.008949361356399232,-0.011136708403964881,0.47126436781609193,55,87,0.5740427639062995,9,3169.5102310805087,0.4353907102943355,0.13793103448275862,90,934620676
0.004663556188771448,-0.011848586918718262,-0.027363059230602574,0.45977011494252873,54,87,0.5740427639062995,9,3292.4856650831352,0.43578663016502106,0.12643678160919541,91,1728218297
0.005228891775587101,-0.012219832541366049,-0.03006650778177453,0.45977011494252873,54,87,0.5740427639062995,9,3267.3606758390597,0.43719370435619964,0.11494252873563218,92,1807519524
-0.012929416421688624,-0.017702229430844207,-0.054965874720875586,0.45977011494252873,53,87,0.5740427639062995,9,2832.2948201925683,0.44285501494434615,0.10344827586206896,93,832103482
0.01615975757973588,-0.012583599821157532,-0.009458355383971835,0.45977011494252873,55,87,0.5740427639062995,9,2709.1283747768466,0.4407719880685562,0.11494252873563218,94,1928628490
0.003035127055111695,-0.012924915518317537,-0.03515981605654891,0.4482758620689655,54,87,0.5740427639062995,9,2712.911638713129,0.4407719880685562,0.13793103448275862,95,619179887
0.0067762654155638065,-0.012058659504858071,-0.03338568462320469,0.4482758620689655,54,87,0.5740427639062995,9,3122.634009622656,0.42785495667838475,0.12643678160919541,96,514446424
0.004368939075773774,-0.011919378393916435,-0.031071332701580065,0.45977011494252873,54,87,0.5740427639062995,9,2766.70195948692,0.4537543666735038,0.12643678160919541,97,1465647933
0.003167533240979433,-0.011224619685041404,-0.03407410121794323,0.45977011494252873,54,87,0.5740427639062995,9,3038.86022611933,0.4407719880685562,0.11494252873563218,98,1367435607
0.00436893907577371,-0.01208291369827219,-0.03087987634358225,0.45977011494252873,54,87,0.5740427639062995,9,2619.3292510015235,0.42790275844147324,0.12643678160919541,99,300116172
0.00436893907577371,-0.00871236367573025,-0.03235715994127158,0.45977011494252873,54,87,0.5740427639062995,9,2944.155606509288,0.41563802937126976,0.12643678160919541,100,1788288545
0.027339714916947363,-0.013126592619342015,0.010978648265413256,0.45977011494252873,56,87,0.5740427639062995,9,3328.360144924416,0.4163921710449123,0.13793103448275862,101,429299595
0.013370374799799524,-0.012858992722494467,-0.012049037740504198,0.4367816091954023,55,87,0.5740427639062996,9,2840.6230456452686,0.42082408276670735,0.12643678160919541,102,1728507682
0.0023000248294792252,-0.012847866958647036,-0.033454007471795506,0.45977011494252873,54,87,0.5740427639062994,9,2840.6230456452686,0.4275072080763801,0.12643678160919541,103,15810353
0.0042764274435094516,-0.011294624878695037,-0.030155049915925155,0.4482758620689655,54,87,0.5740427639062995,9,2832.2948201925683,0.4277220692475111,0.12643678160919541,104,1711206423
0.001275496564959366,-0.02168831633704682,-0.03462751185859493,0.45977011494252873,54,87,0.5740427639062994,9,2590.1416100149218,0.4300214457952596,0.12643678160919541,105,1689907231
0.012666482869233386,-0.01268836126072026,-0.011584896790293377,0.4482758620689655,55,87,0.5740427639062994,9,3278.316563882574,0.44285501494434615,0.12643678160919541,106,1675819612
0.0003540420449194131,-0.015693453445048577,-0.03432626683411919,0.45977011494252873,54,87,0.5740427639062995,9,2611.0010255488232,0.4348913704859422,0.09195402298850575,107,1427756341
0.005026080842430541,-0.0125623908603818,-0.033952847838172734,0.45977011494252873,54,87,0.5740427639062994,9,2771.234240977923,0.4353907102943355,0.10344827586206896,108,1012682731
0.004200878534253916,-0.010665628909230618,-0.03122349633219611,0.4482758620689655,54,87,0.5740427639062994,9,3227.1278777574917,0.41563802937126976,0.12643678160919541,109,1514331118
0.00436893907577371,-0.01233676163429942,-0.030988596525980166,0.45977011494252873,54,87,0.5740427639062995,9,3335.367626278712,0.4275072080763801,0.13793103448275862,110,595114158
0.004785438282985833,-0.012850987630047772,-0.033731270247751875,0.45977011494252873,54,87,0.5740427639062994,9,3108.945808537668,0.4407719880685562,0.12643678160919541,111,1676602826
0.01661097716446892,-0.012784439349167842,-0.010519429646898561,0.45977011494252873,55,87,0.5740427639062995,9,3256.389137501101,0.4407719880685562,0.11494252873563218,112,1193242761
-0.009821717044901403,-0.012473784964460943,-0.055761550642274185,0.45977011494252873,53,87,0.5740427639062995,9,3227.1278777574917,0.4275072080763801,0.12643678160919541,113,985514123
0.007595461158859847,-0.011854150324589585,-0.03031395404052659,0.4482758620689655,54,87,0.5740427639062994,9,3129.713916139175,0.434429380355912,0.14942528735632185,114,1085781155
0.0031624932835168547,-0.012539370235840064,-0.03302339031813153,0.47126436781609193,54,87,0.5740427639062995,9,2992.437896864227,0.4353907102943355,0.11494252873563218,115,1221362417
0.003673196581167952,-0.011789207856200634,-0.03267049189407695,0.45977011494252873,54,87,0.5740427639062995,9,3043.6415388358946,0.4275072080763801,0.13793103448275862,116,80020205
0.0034214801809020912,-0.012248013532384028,-0.03152383202380158,0.45977011494252873,54,87,0.5740427639062994,9,3171.0429940886315,0.4407719880685562,0.11494252873563218,117,300211767
0.004708817555973241,-0.013139365329571606,-0.03567806949950063,0.45977011494252873,54,87,0.5740427639062995,9,3256.389137501101,0.4353907102943355,0.10344827586206896,118,527166790
0.016327491506520242,-0.012875959003024962,-0.010154679678483677,0.47126436781609193,55,87,0.5740427639062994,9,2900.381071710857,0.4353907102943355,0.13793103448275862,119,245951459
0.0077637182003017875,-0.011886396695713675,-0.02935454686996102,0.4482758620689655,54,87,0.5740427639062994,9,3238.0994160954506,0.4275072080763801,0.11494252873563218,120,944062962
0.004746086156071736,-0.01251190214639275,-0.03160510442594627,0.45977011494252873,54,87,0.5740427639062994,9,2686.846160615445,0.4238738545364337,0.1724137931034483,121,1435384429
0.00606493666300578,-0.012521583712754691,-0.03332405304608509,0.45977011494252873,54,87,0.5740427639062995,9,3238.8455516768663,0.4353907102943355,0.11494252873563218,122,1405375274
0.006153779733455798,-0.012077246237627515,-0.028746918639695824,0.45977011494252873,54,87,0.5740427639062996,9,2832.2948201925683,0.4358667795291709,0.10344827586206896,123,1011671398
0.005896003700455741,-0.01993961168606484,-0.030048549090876585,0.4482758620689655,54,87,0.5740427639062994,9,2948.2862001013127,0.42657806130023124,0.12643678160919541,124,1836270333
0.005112675348660971,-0.012326941078909304,-0.030888038631671975,0.4482758620689655,54,87,0.5740427639062994,9,3278.316563882574,0.4353907102943355,0.12643678160919541,125,1213835294
0.0033789326369492814,-0.01261012486893609,-0.03478871717723205,0.45977011494252873,54,87,0.5740427639062995,9,3098.9890950943955,0.4056953381807916,0.14942528735632185,126,170075129
0.014196390104275583,-0.016244370777512507,-0.013047086127021922,0.4482758620689655,55,87,0.5740427639062995,9,3098.9890950943955,0.41563802937126976,0.13793103448275862,127,1642822536
0.00577849143620516,-0.011913536978852335,-0.031120657380146098,0.45977011494252873,54,87,0.5740427639062995,9,2891.6534064276275,0.4056953381807916,0.10344827586206896,128,1233945442
0.0034316721056108,-0.012659824148284926,-0.034322869834352066,0.4482758620689655,54,87,0.5740427639062995,9,2985.7793631219465,0.4343526467032495,0.12643678160919541,129,1363047212
0.004368939075773775,-0.01183046903195073,-0.030241539787052442,0.45977011494252873,54,87,0.5740427639062995,9,3334.15095335769,0.4353907102943355,0.12643678160919541,130,1214129970
0.015880704676787698,-0.012949823234517766,-0.007642848404426215,0.4482758620689655,55,87,0.5740427639062994,9,2953.514082706861,0.4353907102943355,0.11494252873563218,131,1188802709
0.002280973389546176,-0.012912196936034848,-0.03324154052244131,0.45977011494252873,54,87,0.5740427639062995,9,3144.20778079117,0.41563802937126976,0.13793103448275862,132,194489917
0.005130854246863623,-0.012372980438832393,-0.03301370134603063,0.45977011494252873,54,87,0.5740427639062995,9,3073.9637556198213,0.4275072080763801,0.10344827586206896,133,1200888232
0.005420313236904964,-0.018504604463789653,-0.03192266138274238,0.45977011494252873,54,87,0.5740427639062995,9,3082.148978946898,0.4407719880685562,0.11494252873563218,134,1707061844
0.0037982926802514866,-0.011926810880328431,-0.029521665146101866,0.45977011494252873,54,87,0.5740427639062995,9,2840.6230456452686,0.41998237492606627,0.12643678160919541,135,652727864
0.0007965395919534768,-0.01306292417977728,-0.034886298323279566,0.45977011494252873,54,87,0.5740427639062995,9,2605.1840241330137,0.4407719880685562,0.08045977011494253,136,1294585270
0.017205081402048142,-0.011444322318098665,-0.0032925918514004108,0.45977011494252873,55,87,0.5740427639062996,9,3334.15095335769,0.4275072080763801,0.09195402298850575,137,66180795
0.015715508431430228,-0.012157732229168605,-0.006425890960172807,0.4482758620689655,55,87,0.5740427639062996,9,2887.890375896539,0.4353907102943355,0.08045977011494253,138,746248853
-0.009368029261822059,-0.012252076471949369,-0.05642514229296315,0.47126436781609193,53,87,0.5740427639062996,9,3238.0994160954506,0.4275072080763801,0.09195402298850575,139,937843451
0.0047705446430024515,-0.012028690055710611,-0.030087272883882476,0.4482758620689655,54,87,0.5740427639062995,9,3109.9606334323544,0.4353907102943355,0.11494252873563218,140,2110414630
0.004936890235877353,-0.012043001861206104,-0.03185057832785331,0.4482758620689655,54,87,0.5740427639062994,9,2819.8487852148173,0.4275072080763801,0.12643678160919541,141,460817075
0.006226606853249147,-0.01898349334904814,-0.030624305396957742,0.45977011494252873,54,87,0.5740427639062994,9,3044.367772726706,0.4407719880685562,0.10344827586206896,142,593883018
0.004368939075773774,-0.012411412720638948,-0.03240157268224822,0.45977011494252873,54,87,0.5740427639062995,9,2978.9380707858218,0.41563802937126976,0.11494252873563218,143,877308581
0.022679445314097445,-0.012566175895564524,-0.0075479625697146184,0.4482758620689655,55,87,0.5740427639062996,9,2766.70195948692,0.4353907102943355,0.10344827586206896,144,2131733183
0.01411422428947228,-0.013720656105615237,-0.014004912258033896,0.45977011494252873,55,87,0.5740427639062994,9,2998.759121214047,0.42695026232366495,0.11494252873563218,145,1832669143
0.0024027462500813904,-0.012547125451211838,-0.03472589136933935,0.45977011494252873,54,87,0.5740427639062996,9,2891.6534064276275,0.41563802937126976,0.10344827586206896,146,74502574
0.0030405225953571346,-0.0126190573001288,-0.033465911592454,0.47126436781609193,54,87,0.5740427639062994,9,2696.037714152859,0.4407719880685562,0.11494252873563218,147,502381220
0.004368939075773742,-0.012160310454519596,-0.03230039982264885,0.45977011494252873,54,87,0.5740427639062995,9,3044.367772726706,0.4342438679171816,0.13793103448275862,148,1764532444
0.014887431205473945,-0.008921407042778107,-0.010552854109151643,0.47126436781609193,55,87,0.5740427639062995,9,3117.2740339903685,0.448648171474383,0.12643678160919541,149,125204183
0.017464195758842366,-0.005886138616584824,-0.008419112045985002,0.45977011494252873,55,87,0.5740427639062994,9,3038.281563203607,0.4503426315935,0.12643678160919541,150,1837539164
0.004368939075773709,-0.013193528632091889,-0.037620551629924434,0.45977011494252873,54,87,0.5740427639062994,9,3121.9255666297686,0.4275261738377783,0.14942528735632185,151,604267306
0.013692464726236248,-0.0131756153597139,-0.01237890785194958,0.4482758620689655,55,87,0.5740427639062996,9,3059.0225571373303,0.4113579393535959,0.09195402298850575,152,1970642945
0.00436893907577371,-0.012235613069056739,-0.032117884971146225,0.45977011494252873,54,87,0.5740427639062994,9,2976.044558246671,0.4353907102943355,0.08045977011494253,153,630487793
0.003580517658429378,-0.011746956681307541,-0.03084869577665428,0.45977011494252873,54,87,0.5740427639062995,9,3069.994095475289,0.4353907102943355,0.11494252873563218,154,932688237
0.017586999358834253,-0.00895328418261665,-0.010452594951353774,0.45977011494252873,55,87,0.5740427639062996,9,2840.6230456452686,0.42443974393723827,0.10344827586206896,155,1421454890
0.0061901349951568934,-0.012056927317710131,-0.02883598167774612,0.45977011494252873,54,87,0.5740427639062995,9,2832.2948201925683,0.4537543666735038,0.12643678160919541,156,271185813
0.01748101774542041,-0.012452590050013312,-0.0077792703843910915,0.45977011494252873,55,87,0.5740427639062995,9,3059.0225571373303,0.4275072080763801,0.10344827586206896,157,1196217437
0.0033529282621174855,-0.012855149010710498,-0.034416687341971904,0.45977011494252873,54,87,0.5740427639062994,9,3140.107541365396,0.4499698305089234,0.06896551724137931,158,1084512517
-0.0075734472532699645,-0.03244798797859505,-0.05446628702243916,0.4482758620689655,53,87,0.5740427639062994,9,2766.70195948692,0.428941352562785,0.12643678160919541,159,1683408584
0.003913011459122331,-0.012359890681642116,-0.03235883519274102,0.45977011494252873,54,87,0.5740427639062993,9,2817.0393167206857,0.4283065204403284,0.10344827586206896,160,2139123293
-0.010443898200410166,-0.012287123429912672,-0.053914167843785166,0.4482758620689655,53,87,0.5740427639062994,9,2784.5975598712103,0.44285501494434615,0.11494252873563218,161,1426602463
0.00285446637853515,-0.009195229251612536,-0.035705578405577955,0.45977011494252873,54,87,0.5740427639062994,9,3267.345025544615,0.4353907102943355,0.11494252873563218,162,878721193
0.0023518594087571557,-0.03240272152331092,-0.03346187534084815,0.45977011494252873,54,87,0.5740427639062994,9,3038.281563203607,0.4283371299637471,0.11494252873563218,163,872709139
0.004224790450455235,-0.003930321791225766,-0.030983230038686485,0.47126436781609193,54,87,0.5740427639062995,9,2611.0010255488232,0.4275072080763801,0.09195402298850575,164,897559571
0.0025122006898219674,-0.012265498896232296,-0.03071026291060653,0.45977011494252873,54,87,0.5740427639062995,9,2960.4336028556645,0.4413205014293994,0.09195402298850575,165,1748095464
0.0019930044434475036,-0.01281706394333293,-0.033052614341893764,0.47126436781609193,54,87,0.5740427639062994,9,2775.03018493962,0.4275072080763801,0.10344827586206896,166,689805532
0.006649814577459186,-0.01757631140730398,-0.031156973409705302,0.4482758620689655,54,87,0.5740427639062995,9,3023.1480772960495,0.4407719880685562,0.11494252873563218,167,358571614
0.0028771793796710105,-0.012159582883731979,-0.032710619089491015,0.45977011494252873,54,87,0.5740427639062996,9,2998.759121214047,0.439042784578044,0.14942528735632185,168,717885406
0.005337365043418999,-0.012236540740146795,-0.031887740374583695,0.45977011494252873,54,87,0.5740427639062994,9,2684.176494919775,0.4275072080763801,0.11494252873563218,169,48773805
0.022887845873417703,-0.01217729328172057,-0.0063304405531487236,0.4482758620689655,55,87,0.5740427639062996,9,3098.9890950943955,0.4407719880685562,0.11494252873563218,170,227939460
0.003919708388901374,-0.021495490926553118,-0.03395378425888616,0.45977011494252873,54,87,0.5740427639062996,9,3109.9606334323544,0.4275072080763801,0.12643678160919541,171,193376308
0.016839770545254585,-0.011755202381879548,-0.003590759890973428,0.45977011494252873,55,87,0.5740427639062995,9,3375.6400834394954,0.4352890934007698,0.12643678160919541,172,1656896191
0.003228222507473859,-0.019266853191625688,-0.03377708208871072,0.45977011494252873,54,87,0.5740427639062995,9,3161.28165776869,0.43202167590933294,0.13793103448275862,173,1551254892
0.020594284177434308,-0.03204241081282777,-0.0075728233767066964,0.4367816091954023,55,87,0.5740427639062995,9,2809.7984535658034,0.4275072080763801,0.14942528735632185,174,1496303881
0.001714169364123008,-0.01325497309129886,-0.03486457452924342,0.45977011494252873,54,87,0.5740427639062994,9,3288.5971632781147,0.4251773483576247,0.09195402298850575,175,991873798
0.013178455450165329,-0.012911490638605638,-0.00994996179029795,0.4482758620689655,55,87,0.5740427639062995,9,3250.021482866243,0.4537543666735038,0.11494252873563218,176,1539871429
0.013284221975826552,-0.02324191448450974,-0.011080285120277278,0.4482758620689655,55,87,0.5740427639062995,9,2341.6634377617374,0.4353907102943355,0.12643678160919541,177,346328507
0.005434579396792976,-0.012290874673467123,-0.03163807302737073,0.4482758620689655,54,87,0.5740427639062994,9,2938.671661829925,0.4552842688131922,0.13793103448275862,178,1934070332
0.005320004009757198,-0.012505655187133202,-0.030024031193359817,0.45977011494252873,54,87,0.5740427639062994,9,3288.5971632781147,0.4522280019080022,0.13793103448275862,179,1075985460
0.003744239269235883,-0.009039025882197071,-0.032996681457803136,0.47126436781609193,54,87,0.5740427639062994,9,3080.9624974026738,0.44285501494434615,0.12643678160919541,180,2014450023
-0.0070332025821884915,-0.012237733361765035,-0.05565311610748307,0.4482758620689655,53,87,0.5740427639062996,9,2775.03018493962,0.42645416071789916,0.11494252873563218,181,327087749
0.0036521246199223453,-0.006651886905854609,-0.030981717424519228,0.4482758620689655,54,87,0.5740427639062994,9,3109.9606334323544,0.4407719880685562,0.11494252873563218,182,1068008205
0.0025557015239376234,-0.013078782198658323,-0.03478038244296085,0.4482758620689655,54,87,0.5740427639062994,9,2942.542544368902,0.4522280019080022,0.13793103448275862,183,1495336618
0.0031279969255632685,-0.0163739398424253,-0.03205552289996294,0.45977011494252873,54,87,0.5740427639062995,9,2709.1283747768466,0.4246695255699003,0.10344827586206896,184,1064348452
0.020657083162687453,-0.01364929901480949,0.009867995550755891,0.4482758620689655,56,87,0.5740427639062995,9,2921.7562900091143,0.4275072080763801,0.11494252873563218,185,958113305
-0.01703402628861892,-0.010915525014634442,-0.07355109081231169,0.4482758620689655,52,87,0.5740427639062994,9,3209.806426890973,0.4305796422272644,0.11494252873563218,186,356942048
0.0063214047886616396,-0.016184203434068456,-0.029880686838211837,0.4482758620689655,54,87,0.5740427639062994,9,2832.2948201925683,0.4249344578479459,0.12643678160919541,187,818236852
-0.002771329047838893,-0.013594669288443884,-0.03792310459052783,0.45977011494252873,54,87,0.5740427639062995,9,3189.4080214208807,0.4353907102943355,0.10344827586206896,188,512746651
0.01444742804872921,-0.012650988926263707,-0.010352027317200469,0.4482758620689655,55,87,0.5740427639062995,9,3033.396234388747,0.4407719880685562,0.12643678160919541,189,647492280
0.014425779422171608,-0.012435755312939278,-0.008927811011395817,0.45977011494252873,55,87,0.5740427639062996,9,2775.03018493962,0.44285501494434615,0.09195402298850575,190,1468235991
0.017881157972013523,-0.012599529659239606,-0.011305848811730813,0.45977011494252873,55,87,0.5740427639062994,9,3043.6415388358946,0.41563802937126976,0.13793103448275862,191,1353521561
0.01292564236790162,-0.00905872620568815,-0.00944334584603539,0.47126436781609193,55,87,0.5740427639062995,9,3411.7636086938364,0.41844348295121314,0.11494252873563218,192,1303944407
0.006844057405902553,-0.011934229244397465,-0.02982839840379953,0.45977011494252873,54,87,0.5740427639062995,9,3195.3067768448236,0.4275072080763801,0.12643678160919541,193,776986664
0.004608945142841556,-0.011996053765863435,-0.03132765492363657,0.45977011494252873,54,87,0.5740427639062995,9,2661.29931619134,0.4353907102943355,0.09195402298850575,194,2060924129
0.004159623206619625,-0.012378561038916991,-0.03217081740105182,0.45977011494252873,54,87,0.5740427639062994,9,2942.542544368902,0.43099840068342476,0.12643678160919541,195,188226767
0.012511654207606073,-0.009400431995157943,-0.01069980056945974,0.47126436781609193,55,87,0.5740427639062994,9,2791.1536180428884,0.4537543666735038,0.11494252873563218,196,735708085
0.004796310474009844,-0.013767485890657571,-0.034365062091404094,0.47126436781609193,54,87,0.5740427639062995,9,3038.86022611933,0.4353907102943355,0.09195402298850575,197,253415744
0.015377516616023887,-0.011536161643557863,-0.00336913964234951,0.45977011494252873,55,87,0.5740427639062994,9,2864.154478119497,0.4353907102943355,0.12643678160919541,198,727876280
0.00436893907577371,-0.012754461693087582,-0.027772439643456645,0.45977011494252873,54,87,0.5740427639062995,9,2812.3471515869314,0.4353907102943355,0.12643678160919541,199,2065659504
0.004368939075773774,-0.012493473307641167,-0.03351388831971668,0.45977011494252873,54,87,0.5740427639062994,9,3023.1480772960495,0.4407719880685562,0.10344827586206896,200,786544956
0.0022894069537721384,-0.03226521643883107,-0.03395368035156353,0.4482758620689655,54,87,0.5740427639062995,9,2963.497148960545,0.42485894901896876,0.12643678160919541,201,1951162175
0.004835838823212937,-0.01152691877326173,-0.02992537080157614,0.4482758620689655,54,87,0.5740427639062995,9,3150.4513814967067,0.4407719880685562,0.14942528735632185,202,1063145406
0.004368939075773742,-0.009143146321305307,-0.0345107090897194,0.45977011494252873,54,87,0.5740427639062994,9,2595.5203243799406,0.4275072080763801,0.11494252873563218,203,1502609627
0.01562589650071977,-0.012676654339695559,-0.009108320987855627,0.45977011494252873,55,87,0.5740427639062994,9,3603.0434593894097,0.4353907102943355,0.11494252873563218,204,982296571
0.026737283331316242,-0.01263797587913551,0.014463006972536498,0.45977011494252873,56,87,0.5740427639062995,9,2721.093307974261,0.4353907102943355,0.13793103448275862,205,570951394
-0.010208027925622615,-0.01738779950326308,-0.05632552127735455,0.4482758620689655,53,87,0.5740427639062995,9,3144.20778079117,0.44285501494434615,0.09195402298850575,206,1641170252
0.0024098189195764547,-0.032623430688832,-0.034923272891433356,0.45977011494252873,54,87,0.5740427639062994,9,3195.3067768448236,0.42925656055373634,0.11494252873563218,207,2081290421
0.004813467041536456,-0.01231380459081488,-0.03201893824744238,0.4482758620689655,54,87,0.5740427639062995,9,2944.155606509288,0.4353907102943355,0.12643678160919541,208,565915328
0.013975544992453669,-0.012708736742645721,-0.008669341074740917,0.45977011494252873,55,87,0.5740427639062994,9,2373.4186839675094,0.4519177710160258,0.12643678160919541,209,1672354831
0.0054247464344727575,-0.012326769944256966,-0.03147440217270159,0.45977011494252873,54,87,0.5740427639062995,9,3370.3402225452883,0.4353907102943355,0.12643678160919541,210,560793881
0.0026602341717092783,-0.012792615463579127,-0.03539935812389897,0.45977011494252873,54,87,0.5740427639062995,9,3278.316563882574,0.41563802937126976,0.09195402298850575,211,1539509957
0.0011246656145858646,-0.013410795176719836,-0.038336003107187905,0.45977011494252873,54,87,0.5740427639062995,9,2944.155606509288,0.4381577940672232,0.13793103448275862,212,1694378689
0.015625896500719803,-0.003480969316982163,-0.009170647408641855,0.47126436781609193,55,87,0.5740427639062995,9,2832.2948201925683,0.41563802937126976,0.12643678160919541,213,964996477
0.0028144759889744695,-0.012884170212489554,-0.034314252400351096,0.45977011494252873,54,87,0.5740427639062995,9,2814.9849432785413,0.41563802937126976,0.12643678160919541,214,1582522787
0.013782913109318121,-0.012792007282628082,-0.011191967109702775,0.45977011494252873,55,87,0.5740427639062994,9,3033.396234388747,0.4353907102943355,0.12643678160919541,215,584634301
0.012003713858184618,-0.023529495872228967,-0.011686040093948719,0.45977011494252873,55,87,0.5740427639062995,9,3238.0994160954506,0.4353907102943355,0.14942528735632185,216,170195625
0.016386888918796836,-0.012377741864389447,-0.006251684144679168,0.45977011494252873,55,87,0.5740427639062995,9,2732.0648463122197,0.4353907102943355,0.11494252873563218,217,206998014
-0.010628837819701673,-0.01263790342680382,-0.05723823424598861,0.45977011494252873,53,87,0.5740427639062996,9,3335.367626278712,0.4353907102943355,0.13793103448275862,218,959976127
0.002291730432581279,-0.0124401005174547,-0.03208966273927665,0.4482758620689655,54,87,0.5740427639062995,9,3323.44555950792,0.4353907102943355,0.11494252873563218,219,1938323886
0.005209759587221603,-0.012408918974347816,-0.0330384795791444,0.4482758620689655,54,87,0.5740427639062994,9,2963.497148960545,0.4309493819208067,0.12643678160919541,220,273969198
0.012890269726511387,-0.012306979333188695,-0.0061883820478362125,0.45977011494252873,55,87,0.5740427639062994,9,2661.29931619134,0.42799563766781057,0.09195402298850575,221,978772129
0.006362223664380438,-0.01216458788732011,-0.029240438355835726,0.4482758620689655,54,87,0.5740427639062995,9,3044.367772726706,0.4522280019080022,0.13793103448275862,222,1511897336
0.005595341197347266,-0.012751329688083346,-0.03350545965144304,0.4482758620689655,54,87,0.5740427639062996,9,2889.7693575216035,0.4255576668140495,0.12643678160919541,223,434572016
0.003343269228782394,-0.012651675181251432,-0.03223068097043406,0.47126436781609193,54,87,0.5740427639062995,9,2942.542544368902,0.44285501494434615,0.11494252873563218,224,1549659415
0.006544793335286598,-0.013431461865385463,-0.03041169162392075,0.4482758620689655,54,87,0.5740427639062995,9,2766.70195948692,0.4379025658991115,0.14942528735632185,225,657036846
0.00584469863294567,-0.012064970591845303,-0.03010412725569445,0.4482758620689655,54,87,0.5740427639062996,9,2732.0648463122197,0.4407719880685562,0.12643678160919541,226,1736585729
0.008639449192082208,-0.01244516869199186,-0.030805425530157374,0.45977011494252873,54,87,0.5740427639062995,9,3318.337903955762,0.41563802937126976,0.11494252873563218,227,1243864551
0.004368939075773709,-0.02639231006287257,-0.02836976951385821,0.4482758620689655,54,87,0.5740427639062995,9,3328.360144924416,0.42389042616611794,0.12643678160919541,228,1174474423
0.0004322689294652215,-0.01328545588601937,-0.03603677447052554,0.45977011494252873,54,87,0.5740427639062995,9,3360.1739354137317,0.42843676616456017,0.10344827586206896,229,379616660
0.014524230308839444,-0.00971098482729671,-0.008491443454703564,0.47126436781609193,55,87,0.5740427639062995,9,2973.676413724861,0.4407719880685562,0.11494252873563218,230,994727115
0.004368939075773709,-0.012135136507024802,-0.032029911057951437,0.45977011494252873,54,87,0.5740427639062994,9,2766.70195948692,0.4407719880685562,0.06896551724137931,231,1839565166
0.00436893907577371,-0.019989082739347186,-0.03199473516035726,0.4482758620689655,54,87,0.5740427639062995,9,3278.316563882574,0.4353907102943355,0.12643678160919541,232,41927453
0.013044324780337162,-0.026778715876458414,-0.010174665086033057,0.4482758620689655,55,87,0.5740427639062996,9,3059.0225571373303,0.4517789255988106,0.12643678160919541,233,1628908286
0.003765085521111412,-0.013679846978037258,-0.02927742722454207,0.45977011494252873,54,87,0.5740427639062996,9,2696.037714152859,0.41594644478140125,0.13793103448275862,234,1058199178
0.002759438147145069,-0.018672000342157435,-0.03348254975942262,0.4482758620689655,54,87,0.5740427639062996,9,2945.1991509906293,0.4522280019080022,0.11494252873563218,235,1545034932
0.0028660014550457445,-0.012357760006839524,-0.03249831650327862,0.47126436781609193,54,87,0.5740427639062995,9,2689.9934963355845,0.4113579393535959,0.12643678160919541,236,1424421635
0.006556912600755086,-0.0118962350767291,-0.033671587541373484,0.42528735632183906,54,87,0.5740427639062995,9,2611.1879424964936,0.4344043112622723,0.12643678160919541,237,927912736
0.015796086676530915,-0.012606659729291758,-0.00866996286905448,0.45977011494252873,55,87,0.5740427639062995,9,3117.2740339903685,0.4407719880685562,0.11494252873563218,238,662857765
0.007729223290750583,-0.012804922142123032,-0.033744655736489736,0.4367816091954023,54,87,0.5740427639062996,9,2840.6230456452686,0.4275072080763801,0.12643678160919541,239,1347135476
0.0025172489755981397,-0.01049357531677031,-0.03244598401201377,0.45977011494252873,54,87,0.5740427639062995,9,2766.70195948692,0.4203101008586337,0.11494252873563218,240,301129327
0.001034412403724009,-0.009360981611316377,-0.035800451571081165,0.4482758620689655,54,87,0.5740427639062994,9,3328.360144924416,0.4353907102943355,0.10344827586206896,241,1254340836
0.0021195104415424426,-0.014662866683877507,-0.03427683470688213,0.4482758620689655,54,87,0.5740427639062995,9,3336.6883703771164,0.4401114320136924,0.11494252873563218,242,203355303
0.006976031002261101,-0.012438042956169348,-0.033881905217007915,0.45977011494252873,54,87,0.5740427639062994,9,3249.0381584428033,0.41563802937126976,0.12643678160919541,243,1395534949
4.661791672584439e-05,-0.013042556012535234,-0.03634329766025443,0.45977011494252873,54,87,0.5740427639062995,9,2944.155606509288,0.4353907102943355,0.10344827586206896,244,1350220221
0.0032273488794416346,-0.012600713193521962,-0.033444078628972175,0.45977011494252873,54,87,0.5740427639062995,9,2968.761828308365,0.4275072080763801,0.11494252873563218,245,181342798
0.016044791848260194,-0.01297790883960881,-0.012041424223454032,0.45977011494252873,55,87,0.5740427639062994,9,2968.761828308365,0.4265691357036497,0.10344827586206896,246,1626692868
0.006176796899090314,-0.012142526084201855,-0.031188614391157835,0.45977011494252873,54,87,0.5740427639062994,9,3341.6251010008564,0.44285501494434615,0.11494252873563218,247,892939596
0.015069702143390252,-0.012866627188087176,-0.01006224566691851,0.4482758620689655,55,87,0.5740427639062996,9,3238.0994160954506,0.4353907102943355,0.12643678160919541,248,1689825800
0.003088532306064686,-0.019900608221612215,-0.035439790269367895,0.47126436781609193,54,87,0.5740427639062994,9,3328.360144924416,0.4353907102943355,0.12643678160919541,249,89365757
0.02256540277820194,-0.011928122462730784,-0.006441797382911141,0.4482758620689655,55,87,0.5740427639062994,9,2732.0648463122197,0.4407719880685562,0.11494252873563218,250,385379895
0.015625896500719803,-0.012385403916641002,-0.008033192733812863,0.45977011494252873,55,87,0.5740427639062994,9,3281.0260059492284,0.4353907102943355,0.12643678160919541,251,1060837206
0.005514293307776671,-0.013225289200323953,-0.031793616212566586,0.45977011494252873,54,87,0.5740427639062994,9,2889.7693575216035,0.4379120334662689,0.13793103448275862,252,404210478
0.005359360642812123,-0.020372838704374896,-0.03303358835016788,0.45977011494252873,54,87,0.5740427639062995,9,3336.6883703771164,0.4353907102943355,0.10344827586206896,253,708371559
0.007530051911127426,-0.01200879414203082,-0.029192265319250756,0.4482758620689655,54,87,0.5740427639062994,9,2764.7779105786467,0.43973957083886633,0.11494252873563218,254,1418625643
-0.002469681751815969,-0.013375305448441455,-0.036587377778028694,0.4482758620689655,54,87,0.5740427639062994,9,2998.759121214047,0.4102815579382944,0.11494252873563218,255,310363331
0.015211182087333748,-0.012257063033836224,-0.008049877286160273,0.4482758620689655,55,87,0.5740427639062994,9,2341.6634377617374,0.4353907102943355,0.12643678160919541,256,1455355983
0.0025005647079458606,-0.021671110853336062,-0.034233023462793236,0.45977011494252873,54,87,0.5740427639062994,9,2840.6230456452686,0.4275072080763801,0.11494252873563218,257,222056181
0.005263701471254363,-0.01905206641652013,-0.030917516354682727,0.45977011494252873,54,87,0.5740427639062995,9,2643.535514071198,0.4308565915944343,0.12643678160919541,258,376207307
-0.013221970285503816,-0.01295832227852789,-0.05835787503538559,0.45977011494252873,53,87,0.5740427639062995,9,3130.064148816942,0.4353907102943355,0.12643678160919541,259,1261957108
0.0070510143103893076,-0.015494868850222332,-0.03254673660773306,0.4482758620689655,54,87,0.5740427639062995,9,3267.3606758390597,0.4275072080763801,0.12643678160919541,260,1703992270
0.0020549028845242953,-0.012582608037982501,-0.03203512984105827,0.45977011494252873,54,87,0.5740427639062995,9,2942.542544368902,0.43224823360839437,0.13793103448275862,261,366345609
0.0038981465055526383,-0.010440185711447225,-0.02991876083286448,0.4482758620689655,54,87,0.5740427639062995,9,2942.542544368902,0.44285501494434615,0.13793103448275862,262,644229612
0.004368939075773807,-0.029291982789616866,-0.032842589124098744,0.45977011494252873,54,87,0.5740427639062995,9,2840.6230456452686,0.4353907102943355,0.13793103448275862,263,1986680325
0.008495228870846248,-0.013355303214944159,-0.012185645653753777,0.45977011494252873,55,87,0.5740427639062994,9,3117.2740339903685,0.4378924351171221,0.13793103448275862,264,2125329542
0.004368939075773774,-0.013689832908310384,-0.03205140041605972,0.45977011494252873,54,87,0.5740427639062995,9,2643.2808857850323,0.4275072080763801,0.12643678160919541,265,1247819294
0.03596463723671403,-0.01266774110894675,0.038092850218252414,0.4482758620689655,57,87,0.5740427639062996,9,3014.819851843349,0.4407719880685562,0.12643678160919541,266,960007120
0.004585264246818934,-0.012410948456175075,-0.030747530329283918,0.45977011494252873,54,87,0.5740427639062995,9,2834.009384115925,0.4275072080763801,0.12643678160919541,267,744897232
0.021085662769904312,-0.010546024742515092,-0.005973562855860582,0.4367816091954023,55,87,0.5740427639062995,9,3256.389137501101,0.4262049328365064,0.11494252873563218,268,1315230481
0.003337305190604867,-0.012743108497754285,-0.03346760295651464,0.45977011494252873,54,87,0.5740427639062995,9,2761.6305748585073,0.4353907102943355,0.11494252873563218,269,1268981354
0.013343707459014172,-0.01215573484340371,-0.0076122041867872055,0.45977011494252873,55,87,0.5740427639062996,9,3346.339164616671,0.4250252854700738,0.13793103448275862,270,632977320
0.01649269772976068,-0.006808896591446456,-0.008414152994730443,0.45977011494252873,55,87,0.5740427639062994,9,3267.345025544615,0.4113579393535959,0.11494252873563218,271,48970939
0.01460668858022212,-0.0121974595419857,-0.006826523909670523,0.4482758620689655,55,87,0.5740427639062996,9,2738.6591343078617,0.44285501494434615,0.08045977011494253,272,325340136
0.0022981724435423745,-0.013171714466507889,-0.03559327761694805,0.45977011494252873,54,87,0.5740427639062994,9,3114.3057841699556,0.4275072080763801,0.12643678160919541,273,2058490235
0.014451933062914767,-0.008465819523986395,-0.004431671517845385,0.47126436781609193,55,87,0.5740427639062995,9,3267.3606758390597,0.4371234657202546,0.10344827586206896,274,897980837
0.004368939075773742,-0.012407186039110285,-0.033538465827687124,0.45977011494252873,54,87,0.5740427639062995,9,3050.8959840099997,0.4275072080763801,0.13793103448275862,275,1035738743
0.016985298894534956,-0.008271447683791178,-0.004378272835033773,0.47126436781609193,55,87,0.5740427639062995,9,3023.1480772960495,0.4353907102943355,0.10344827586206896,276,1003105830
0.006275121090783744,-0.008944251938298176,-0.03459371879659292,0.45977011494252873,54,87,0.5740427639062996,9,3121.9255666297686,0.4203841839353608,0.12643678160919541,277,1680911100
0.014149515820329512,-0.012823633792190647,-0.01148780590463438,0.4482758620689655,55,87,0.5740427639062995,9,3144.20778079117,0.44791424179131284,0.11494252873563218,278,139493163
0.00436893907577371,-0.015278137165827488,-0.028628716561235324,0.45977011494252873,54,87,0.5740427639062995,9,3098.9890950943955,0.4275072080763801,0.11494252873563218,279,177661321
0.004368939075773743,-0.01204202769424878,-0.03121420021208361,0.45977011494252873,54,87,0.5740427639062995,9,3131.9110056133213,0.41563802937126976,0.12643678160919541,280,592377449
0.0032510297754642895,-0.018783851962246412,-0.033129356654967856,0.45977011494252873,54,87,0.5740427639062994,9,3227.1278777574917,0.4452887152639477,0.11494252873563218,281,1045090807
0.018063050514809574,-0.012465848569346183,-0.0068237401681100485,0.45977011494252873,55,87,0.5740427639062994,9,3014.819851843349,0.4275072080763801,0.11494252873563218,282,1441227900
0.01426073320716018,-0.012408850060653842,-0.008612848466024782,0.45977011494252873,55,87,0.5740427639062994,9,3069.994095475289,0.4113579393535959,0.12643678160919541,283,1053785245
0.011309235336050893,-0.012384960045985549,-0.00970736090789484,0.45977011494252873,55,87,0.5740427639062994,9,3256.389137501101,0.4522280019080022,0.13793103448275862,284,947401231
0.002099654776190851,-0.013373753960692403,-0.03505917541840947,0.4482758620689655,54,87,0.5740427639062994,9,3291.347751758527,0.4275072080763801,0.13793103448275862,285,2013966975
0.006887101510469337,-0.017859972940701296,-0.03162786539623379,0.4482758620689655,54,87,0.5740427639062996,9,3256.389137501101,0.4150032164578636,0.11494252873563218,286,345785549
0.027453725145423335,-0.008889578258913122,0.013935932722023946,0.4482758620689655,56,87,0.5740427639062994,9,3246.4866641507033,0.42264158076835084,0.11494252873563218,287,1227776642
0.014079630647159148,-0.008241407341259777,-0.013039820638865156,0.47126436781609193,55,87,0.5740427639062994,9,3069.994095475289,0.4275072080763801,0.11494252873563218,288,1164461559
0.024752544276485787,-0.012761092438943078,0.013313482404203958,0.4482758620689655,56,87,0.5740427639062995,9,3033.396234388747,0.4353907102943355,0.13793103448275862,289,1016810745
0.01749909441055542,-0.0146254872820889,-0.0036997721112070323,0.45977011494252873,55,87,0.5740427639062995,9,2960.4336028556645,0.44285501494434615,0.10344827586206896,290,1734302300
0.015625896500719837,-0.03712441788758525,-0.010905591340558516,0.45977011494252873,55,87,0.5740427639062994,9,3069.994095475289,0.4433612351956257,0.12643678160919541,291,573325870
0.013206478294406215,-0.010723021103417163,-0.011266022633462708,0.45977011494252873,55,87,0.5740427639062995,9,3069.994095475289,0.41971867609262803,0.10344827586206896,292,2048211625
0.02393610657294473,-0.010038628451661258,0.012563675963423634,0.45977011494252873,56,87,0.5740427639062994,9,2766.70195948692,0.4113579393535959,0.12643678160919541,293,712038999
0.00436893907577371,-0.012432484740848126,-0.03241279259420124,0.45977011494252873,54,87,0.5740427639062994,9,2775.03018493962,0.4056953381807916,0.11494252873563218,294,1170388210
0.005001958264150425,-0.012383459315614798,-0.033338179107689804,0.4482758620689655,54,87,0.5740427639062996,9,2985.7793631219465,0.4275072080763801,0.12643678160919541,295,1118135469
-0.0011831755183073587,-0.012661634710581016,-0.03409498362053468,0.45977011494252873,54,87,0.5740427639062996,9,2944.155606509288,0.41563802937126976,0.13793103448275862,296,1824884134
0.016643357165152913,-0.009579284700211632,-0.006738123292319214,0.47126436781609193,55,87,0.5740427639062995,9,2975.3281708293944,0.42806754455896145,0.12643678160919541,297,942555183
0.015303087844838019,-0.008918065946142306,-0.009382050893413438,0.47126436781609193,55,87,0.5740427639062995,9,2990.4308957613466,0.4272834848729732,0.14942528735632185,298,611085711
0.004544371019778294,-0.0121182613052917,-0.030177144779811964,0.45977011494252873,54,87,0.5740427639062995,9,3260.154032683982,0.4173020580163132,0.10344827586206896,299,46411587
0.025646063057594336,-0.012956772374754455,0.016091604232290137,0.45977011494252873,56,87,0.5740427639062995,9,2912.6095860476926,0.4275072080763801,0.09195402298850575,300,780993102
0.0030100571412118426,-0.012072455769790769,-0.031042917430034962,0.45977011494252873,54,87,0.5740427639062995,9,2990.4308957613466,0.42890752650009734,0.12643678160919541,301,1774448394
0.0045146527400912505,-0.01595020841047412,-0.032833081486720185,0.4482758620689655,54,87,0.5740427639062994,9,3267.3606758390597,0.4407817641789471,0.11494252873563218,302,21294869
0.029864670318546126,-0.012948204760658055,0.01359065055972139,0.45977011494252873,56,87,0.5740427639062995,9,3238.0994160954506,0.44285501494434615,0.11494252873563218,303,1924490602
0.004281610350239667,-0.012640082351694781,-0.032986767971858955,0.4482758620689655,54,87,0.5740427639062996,9,3117.2740339903685,0.4258904187738469,0.11494252873563218,304,1165712301
0.02741274650287596,-0.012693193766100674,0.013722929630491302,0.45977011494252873,56,87,0.5740427639062994,9,2684.176494919775,0.41359252468869023,0.11494252873563218,305,301182624
0.0061866430177322015,-0.0122516765485009,-0.030769076722282802,0.45977011494252873,54,87,0.5740427639062994,9,3114.3057841699556,0.42466952556990034,0.10344827586206896,306,648925167
0.01562589650071977,-0.012833215322372471,-0.009877008673972164,0.47126436781609193,55,87,0.5740427639062996,9,2985.7793631219465,0.4353907102943355,0.10344827586206896,307,1189783557
0.016042096612841648,-0.008897962221642075,-0.009167942576506688,0.47126436781609193,55,87,0.5740427639062995,9,3098.9890950943955,0.4353907102943355,0.14942528735632185,308,677943770
0.004368939075773775,-0.012035158507130661,-0.030082255096063843,0.45977011494252873,54,87,0.5740427639062995,9,2558.685742414833,0.44285501494434615,0.12643678160919541,309,233164628
-0.009587398853958345,-0.011926585845382087,-0.05473730322382446,0.45977011494252873,53,87,0.5740427639062995,9,3033.396234388747,0.44285501494434615,0.11494252873563218,310,1430200236
0.0044766648472802095,-0.012319813341542418,-0.034728060480035496,0.4482758620689655,54,87,0.5740427639062995,9,2674.050077086482,0.41563802937126976,0.12643678160919541,311,1443624606
0.004959994909155412,-0.012112029948476044,-0.029366231041782716,0.45977011494252873,54,87,0.5740427639062995,9,2923.294980395054,0.4275072080763801,0.11494252873563218,312,255280512
0.004709765535327308,-0.012626152965469428,-0.03265790981338479,0.47126436781609193,54,87,0.5740427639062996,9,3023.1480772960495,0.4247134128617707,0.12643678160919541,313,603944951
0.006632379192475577,-0.02545616299971598,-0.026346615037816334,0.4482758620689655,54,87,0.5740427639062994,9,3014.819851843349,0.4260313996992519,0.13793103448275862,314,523713818
0.010443878888378687,-0.018350099054058155,-0.028382392181360322,0.45977011494252873,54,87,0.5740427639062994,9,3267.3606758390597,0.432270424833757,0.16091954022988506,315,1416099324
0.001506004250655495,-0.02843014065657634,-0.03274307003890559,0.45977011494252873,54,87,0.5740427639062996,9,3023.1480772960495,0.43215923200331613,0.11494252873563218,316,1568297830
0.004888989396748386,-0.01342319276667725,-0.030021758589181345,0.4367816091954023,54,87,0.5740427639062994,9,3336.6883703771164,0.4179841947760281,0.11494252873563218,317,1561209045
0.015069702143390314,-0.01265236124295499,-0.0091771384026385,0.45977011494252873,55,87,0.5740427639062995,9,3109.9606334323544,0.4245987607368999,0.11494252873563218,318,2015974417
0.004368939075773774,-0.01214703817012186,-0.030072076613746987,0.45977011494252873,54,87,0.5740427639062995,9,2661.29931619134,0.44285501494434615,0.12643678160919541,319,1650657918
0.0035009613014373654,-0.016956837343576114,-0.03356872510679368,0.4482758620689655,54,87,0.5740427639062994,9,3033.396234388747,0.42254541017095165,0.13793103448275862,320,688653858
0.0064461756007119725,-0.008314413626293482,-0.0295889492409799,0.4482758620689655,54,87,0.5740427639062994,9,3098.9890950943955,0.4275072080763801,0.11494252873563218,321,231371919
0.0055412735437082045,-0.011759363492093944,-0.02855479314764097,0.45977011494252873,54,87,0.5740427639062995,9,2832.2948201925683,0.4407719880685562,0.11494252873563218,322,1319935422
0.0034543544488964146,-0.018261569013696022,-0.03328456015182071,0.45977011494252873,54,87,0.5740427639062994,9,2990.4308957613466,0.4275072080763801,0.12643678160919541,323,1967120457
0.0019375207350870282,-0.019418228885024647,-0.036225414110029545,0.4482758620689655,54,87,0.5740427639062995,9,2763.2609348054248,0.4275072080763801,0.13793103448275862,324,2094130101
0.004368939075773709,-0.01181545232762582,-0.03089821208552322,0.4482758620689655,54,87,0.5740427639062994,9,3122.634009622656,0.4275072080763801,0.16091954022988506,325,494380780
0.017176456143119703,-0.009122989494281142,-0.01035970385380283,0.45977011494252873,55,87,0.5740427639062994,9,3238.8455516768663,0.42979561023788904,0.12643678160919541,326,507784189
-0.009638775617385804,-0.012842325779944375,-0.056133523291175824,0.45977011494252873,53,87,0.5740427639062995,9,3122.634009622656,0.4283900251227162,0.11494252873563218,327,80342852
0.01805335297811135,-0.012258079279895417,-0.006863587970999897,0.4482758620689655,55,87,0.5740427639062994,9,3292.4856650831352,0.41563802937126976,0.12643678160919541,328,303358152
0.004996671233382822,-0.011864718484438042,-0.0310654573204938,0.4367816091954023,54,87,0.5740427639062995,9,3292.4856650831352,0.4252314851340275,0.09195402298850575,329,1191536604
0.004651734328590557,-0.008539652065559178,-0.029169977803930602,0.45977011494252873,54,87,0.5740427639062995,9,2611.1879424964936,0.4353907102943355,0.12643678160919541,330,1174251111
0.004368939075773741,-0.01235160353318776,-0.03225185153340313,0.45977011494252873,54,87,0.5740427639062994,9,3059.0225571373303,0.4407719880685562,0.11494252873563218,331,796549538
0.007905819508863828,-0.01186034712303119,-0.029818949195103854,0.4482758620689655,54,87,0.5740427639062994,9,3256.389137501101,0.4407719880685562,0.10344827586206896,332,665624237
0.013541457191473358,-0.008662681316086607,-0.009747506810577226,0.47126436781609193,55,87,0.5740427639062995,9,3637.1444859427647,0.41563802937126976,0.11494252873563218,333,1781959903
0.0038739823259376673,-0.018781387046322817,-0.032270186615367055,0.45977011494252873,54,87,0.5740427639062995,9,3098.9890950943955,0.4522280019080022,0.13793103448275862,334,987915346
0.01428352055961795,-0.01257126861980229,-0.010414092222463351,0.45977011494252873,55,87,0.5740427639062994,9,2684.176494919775,0.42995809972412213,0.08045977011494253,335,1735706818
0.004368939075773677,-0.021325626430604094,-0.029912337285653304,0.4482758620689655,54,87,0.5740427639062995,9,3139.780350601235,0.4353907102943355,0.12643678160919541,336,2068481737
0.005973775183154838,-0.019563935584376968,-0.03199816756529071,0.4482758620689655,54,87,0.5740427639062994,9,2832.2948201925683,0.4275072080763801,0.13793103448275862,337,681050585
0.00436893907577371,-0.012376179430894085,-0.03257623050617186,0.45977011494252873,54,87,0.5740427639062995,9,2998.759121214047,0.4353907102943355,0.08045977011494253,338,435377212
0.019704085094334828,-0.012099636148245607,-0.007223705389439187,0.4482758620689655,55,87,0.5740427639062995,9,2998.759121214047,0.4353907102943355,0.10344827586206896,339,2046335868
0.005354986306707459,-0.015945996192959444,-0.032719336005599266,0.45977011494252873,54,87,0.5740427639062996,9,3227.1278777574917,0.4308491159192849,0.12643678160919541,340,1363289380
0.017079127728058682,-0.011880383220432278,-0.007651575373512891,0.4482758620689655,55,87,0.5740427639062996,9,3117.2740339903685,0.4275072080763801,0.12643678160919541,341,624741299
0.015625896500719837,-0.011327099105191918,-0.005896060585256015,0.45977011494252873,55,87,0.5740427639062995,9,3525.7267252881866,0.4422093562991458,0.11494252873563218,342,1335434157
0.00436893907577371,-0.012520821361589607,-0.03218612919907726,0.45977011494252873,54,87,0.5740427639062996,9,3267.345025544615,0.41563802937126976,0.11494252873563218,343,1106076761
0.015625896500719806,-0.012711919791617565,-0.009814350789184344,0.47126436781609193,55,87,0.5740427639062996,9,2968.761828308365,0.4522280019080022,0.13793103448275862,344,1944615568
0.004368939075773742,-0.011807464924869837,-0.0282207214325179,0.45977011494252873,54,87,0.5740427639062995,9,2985.7793631219465,0.42163364954318455,0.10344827586206896,345,549680845
0.0015660429430834183,-0.01834926316065255,-0.033134885631192365,0.45977011494252873,54,87,0.5740427639062995,9,3108.945808537668,0.4407719880685562,0.12643678160919541,346,2128978352
0.003677408414572838,-0.013032443430856078,-0.03408667963984922,0.45977011494252873,54,87,0.5740427639062995,9,2942.542544368902,0.4407719880685562,0.11494252873563218,347,2010138259
0.021645212230634217,-0.014302772021742016,-0.006233910119072919,0.45977011494252873,55,87,0.5740427639062995,9,3026.5784451174695,0.4275072080763801,0.12643678160919541,348,388054582
0.002849656556116504,-0.012519169690840659,-0.032948302784804075,0.45977011494252873,54,87,0.5740427639062995,9,2675.8482694670747,0.4295916384604985,0.09195402298850575,349,353492596
0.0034667787237648543,-0.012156923991692326,-0.03274429889754838,0.45977011494252873,54,87,0.5740427639062995,9,3098.9890950943955,0.4353907102943355,0.10344827586206896,350,1144945579
0.015625896500719837,-0.01100240643274042,-0.008703806328928986,0.47126436781609193,55,87,0.5740427639062994,9,3281.5141267451763,0.4275072080763801,0.11494252873563218,351,96444820
0.004498682132475558,-0.012237696774571538,-0.03250825808325126,0.4482758620689655,54,87,0.5740427639062995,9,2891.6534064276275,0.4353907102943355,0.12643678160919541,352,641663732
0.0047114118860264705,-0.012447351438439336,-0.03272729562224494,0.47126436781609193,54,87,0.5740427639062995,9,3346.339164616671,0.4522280019080022,0.12643678160919541,353,934363821
0.004368939075773774,-0.012512727482812958,-0.033155979706766335,0.4482758620689655,54,87,0.5740427639062995,9,2960.4336028556645,0.4407719880685562,0.11494252873563218,354,2081713330
0.004566564889363095,-0.015368862231690206,-0.02978760237864834,0.4482758620689655,54,87,0.5740427639062995,9,2889.7693575216035,0.433762524422438,0.12643678160919541,355,2131110295
0.006751843178925826,-0.017784014979529972,-0.02873932264394761,0.4482758620689655,54,87,0.5740427639062994,9,3069.994095475289,0.4407719880685562,0.10344827586206896,356,325429549
0.03249057003150051,-0.021872055216304642,0.015565554697285471,0.4367816091954023,56,87,0.5740427639062994,9,2944.155606509288,0.4353907102943355,0.11494252873563218,357,1914862347
0.003847355258785137,-0.013321343768556315,-0.03741222773889566,0.4482758620689655,54,87,0.5740427639062994,9,3069.423366548108,0.42215995346729684,0.11494252873563218,358,195268164
0.017002892276077715,-0.012533705442898113,-0.009327132716641023,0.45977011494252873,55,87,0.5740427639062995,9,2998.759121214047,0.4353907102943355,0.11494252873563218,359,1607623479
0.015625896500719803,-0.012471365417400349,-0.009662711415164414,0.47126436781609193,55,87,0.5740427639062995,9,2942.542544368902,0.41563802937126976,0.12643678160919541,360,1816003883
0.015625896500719806,-0.01178441181565737,-0.006828307895464276,0.45977011494252873,55,87,0.5740427639062996,9,2990.4308957613466,0.41297822043456023,0.11494252873563218,361,1912962306
0.004368939075773774,-0.012797438956964835,-0.03409248018767993,0.45977011494252873,54,87,0.5740427639062994,9,3038.281563203607,0.4203779969596342,0.13793103448275862,362,479786382
0.004375649282574504,-0.021146388703502494,-0.03128813576377436,0.45977011494252873,54,87,0.5740427639062995,9,3250.021482866243,0.4166024624405692,0.12643678160919541,363,1918662048
0.004843709441716091,-0.012504942787327944,-0.0315272577566891,0.45977011494252873,54,87,0.5740427639062994,9,3411.7636086938364,0.4353907102943355,0.13793103448275862,364,249067096
0.0006281042763192354,-0.018844687066795207,-0.03216342152034192,0.4482758620689655,54,87,0.5740427639062994,9,3227.1278777574917,0.4275072080763801,0.10344827586206896,365,1114239843
0.016851911657458887,-0.012055887742064564,-0.005147073471780189,0.4482758620689655,55,87,0.5740427639062995,9,3117.2740339903685,0.45284558803391467,0.11494252873563218,366,1008340850
0.004320361470635254,-0.012174462195329139,-0.031332057638564705,0.45977011494252873,54,87,0.5740427639062995,9,3267.3606758390597,0.4235012802576257,0.12643678160919541,367,678452472
0.004368939075773742,-0.0126480611060803,-0.03496945704754354,0.45977011494252873,54,87,0.5740427639062995,9,3227.1278777574917,0.4113579393535959,0.13793103448275862,368,47489834
0.004583684281228769,-0.012206008042638161,-0.03219722497664174,0.4367816091954023,54,87,0.5740427639062994,9,2945.8703574947067,0.4522280019080022,0.10344827586206896,369,1657884073
0.00466180627730261,-0.01807323715231446,-0.032694351178317864,0.45977011494252873,54,87,0.5740427639062995,9,2746.6454596038093,0.4235022412007736,0.10344827586206896,370,720660405
0.020387931377437885,-0.011667992004204653,-0.003191844529418846,0.4482758620689655,55,87,0.5740427639062995,9,3023.1480772960495,0.4275072080763801,0.11494252873563218,371,1420906742
0.015172279085855816,-0.010485050022737141,-0.005032211581233676,0.45977011494252873,55,87,0.5740427639062996,9,3038.281563203607,0.44285501494434615,0.10344827586206896,372,880940577
0.015069702143390314,-0.012214440095864032,-0.0072792004727403785,0.45977011494252873,55,87,0.5740427639062995,9,2558.685742414833,0.4275072080763801,0.09195402298850575,373,802423862
0.014081015440529423,-0.008322741544461554,-0.007795339884876448,0.47126436781609193,55,87,0.5740427639062994,9,2837.267157439943,0.4113579393535959,0.10344827586206896,374,1903305989
0.015225040642653483,-0.030059306342628322,-0.008259397195343564,0.42528735632183906,55,87,0.5740427639062994,9,2998.759121214047,0.4522280019080022,0.10344827586206896,375,202865624
0.004368939075773742,-0.012705858711013707,-0.033671315587977375,0.4482758620689655,54,87,0.5740427639062994,9,2775.03018493962,0.4275072080763801,0.11494252873563218,376,1581873730
0.004368939075773774,-0.0121591717165912,-0.030761753988845814,0.45977011494252873,54,87,0.5740427639062995,9,2889.7693575216035,0.4537543666735038,0.12643678160919541,377,1603718477
-0.0018507831588886131,-0.0323183497579016,-0.03766952180911921,0.4367816091954023,54,87,0.5740427639062995,9,3109.9606334323544,0.42823132883939674,0.13793103448275862,378,816025428
0.01839360587032471,-0.012681449514555077,-0.009156737216955334,0.4482758620689655,55,87,0.5740427639062994,9,3014.819851843349,0.4407719880685562,0.12643678160919541,379,563629665
0.0009860840444940997,-0.012349204114220247,-0.03253312119086636,0.4482758620689655,54,87,0.5740427639062994,9,2703.2645909634593,0.4275072080763801,0.10344827586206896,380,11396850
0.005730099347270805,-0.012257919223719771,-0.03304262991547347,0.4482758620689655,54,87,0.5740427639062995,9,3108.945808537668,0.4407719880685562,0.11494252873563218,381,2011790921
0.0033532522214485905,-0.01261081208752346,-0.03294003177303327,0.4482758620689655,54,87,0.5740427639062994,9,2709.1283747768466,0.4291431359076275,0.13793103448275862,382,2035237818
-0.0039019723397245927,-0.013397732192463208,-0.036477614442008345,0.47126436781609193,54,87,0.5740427639062995,9,3477.317740822211,0.4319989371549761,0.11494252873563218,383,517480368
0.014614052459061269,-0.014675048720517836,-0.006757473485220987,0.45977011494252873,55,87,0.5740427639062995,9,3098.9890950943955,0.41563802937126976,0.12643678160919541,384,68528458
0.030068863832236038,-0.012439328645559189,0.01760567908835626,0.45977011494252873,56,87,0.5740427639062995,9,3109.9606334323544,0.4407719880685562,0.12643678160919541,385,263620652
0.0061732318980458785,-0.012115285485430949,-0.030753833345336597,0.4482758620689655,54,87,0.5740427639062994,9,3109.9606334323544,0.43875937262379344,0.13793103448275862,386,145261942
0.015069702143390314,-0.012423039269135239,-0.007904212839984425,0.45977011494252873,55,87,0.5740427639062994,9,2650.327777853381,0.44285501494434615,0.14942528735632185,387,1784800872
0.02924111056561066,-0.012837742821622977,0.014600167382358182,0.45977011494252873,56,87,0.5740427639062994,9,2840.6230456452686,0.42410361424799914,0.12643678160919541,388,1915365261
0.00471963567330853,-0.011899638359701536,-0.029213037845766687,0.45977011494252873,54,87,0.5740427639062995,9,3238.0994160954506,0.4537543666735038,0.11494252873563218,389,329175562
0.01961895283076827,-0.012841543668288935,-0.011036766799270258,0.45977011494252873,55,87,0.5740427639062994,9,3109.9606334323544,0.44285501494434615,0.10344827586206896,390,1603610770
0.01373544051449114,-0.009428470912479558,-0.013467826298467857,0.45977011494252873,55,87,0.5740427639062994,9,3336.6883703771164,0.42346848273136045,0.11494252873563218,391,384975759
0.015625896500719803,-0.009010752019723678,-0.009507116755442399,0.47126436781609193,55,87,0.5740427639062995,9,3336.6883703771164,0.4362949239175238,0.12643678160919541,392,788575316
0.004597569390592077,-0.011740671992452434,-0.028306780572902736,0.45977011494252873,54,87,0.5740427639062996,9,2684.176494919775,0.4353907102943355,0.12643678160919541,393,1287164742
0.014158304967338466,-0.00480848117194832,-0.008393089464988701,0.4482758620689655,55,87,0.5740427639062995,9,2990.4308957613466,0.4353907102943355,0.10344827586206896,394,1546031008
0.005134850630415272,-0.030978100468115,-0.03139436725705655,0.4482758620689655,54,87,0.5740427639062994,9,3310.5303933336763,0.44092867363062654,0.16091954022988506,395,1878107680
0.004400817205035013,-0.012558326730928937,-0.03266660939956506,0.45977011494252873,54,87,0.5740427639062995,9,3038.86022611933,0.4353907102943355,0.11494252873563218,396,96174705
0.01562589650071977,-0.012204299171602595,-0.008230668955340536,0.42528735632183906,55,87,0.5740427639062995,9,3360.6108557913103,0.41563802937126976,0.16091954022988506,397,421840232
0.004987727952221188,-0.012615186182175497,-0.03194372960318482,0.4482758620689655,54,87,0.5740427639062996,9,3238.0994160954506,0.4275072080763801,0.12643678160919541,398,602387669
0.01651657222890069,-0.02273226701763187,-0.008414866397868195,0.45977011494252873,55,87,0.5740427639062994,9,3335.367626278712,0.4275072080763801,0.14942528735632185,399,666415012
-0.0042730080069035056,-0.011314025326281785,-0.05230116991159439,0.4482758620689655,53,87,0.5740427639062994,9,3122.634009622656,0.4325022958349053,0.11494252873563218,400,2143248506
0.002835704015575909,-0.012814106322609486,-0.03556873022122669,0.42528735632183906,54,87,0.5740427639062994,9,3033.396234388747,0.4407719880685562,0.10344827586206896,401,1669464176
0.0018153801010487324,-0.014165744582184003,-0.032222847832039415,0.45977011494252873,54,87,0.5740427639062995,9,2440.4176442241223,0.4353907102943355,0.13793103448275862,402,688090756
0.015270069661974452,-0.01998271895542736,-0.013499599160580498,0.4482758620689655,55,87,0.5740427639062995,9,3043.6415388358946,0.41941670366244527,0.14942528735632185,403,2086981357
0.005192781293887227,-0.014722931970496678,-0.032598021840609774,0.4482758620689655,54,87,0.5740427639062995,9,3038.281563203607,0.4335514574799912,0.11494252873563218,404,1072253585
0.003976364096183212,-0.012763970565853544,-0.03356261522185673,0.4482758620689655,54,87,0.5740427639062994,9,2619.3292510015235,0.4466572721281998,0.11494252873563218,405,1075333508
0.00436893907577371,-0.01226503903728815,-0.03135554163196899,0.45977011494252873,54,87,0.5740427639062995,9,3257.583828412062,0.43352299668907224,0.09195402298850575,406,931361182
0.00445589294672659,-0.012339710485846256,-0.030132005401141776,0.4482758620689655,54,87,0.5740427639062995,9,3117.2740339903685,0.44984451049532825,0.12643678160919541,407,309017533
0.006969057910429354,-0.011819241971840255,-0.030172128890882118,0.4482758620689655,54,87,0.5740427639062995,9,2762.103401897126,0.4113579393535959,0.10344827586206896,408,2006549627
0.005407580573030943,-0.013223715360133226,-0.037264143499846525,0.45977011494252873,54,87,0.5740427639062995,9,3122.634009622656,0.4113579393535959,0.12643678160919541,409,29927949
0.0037663933077553896,-0.01215722384680018,-0.03288921588812674,0.47126436781609193,54,87,0.5740427639062994,9,2973.676413724861,0.44285501494434615,0.11494252873563218,410,374260298
0.0018608552283010135,-0.008789044571615556,-0.033659563108126365,0.45977011494252873,54,87,0.5740427639062996,9,3014.819851843349,0.4275072080763801,0.10344827586206896,411,493182568
0.0040151787451162485,-0.01864635707520912,-0.035557405667726916,0.4482758620689655,54,87,0.5740427639062994,9,2944.155606509288,0.4522280019080022,0.14942528735632185,412,599786824
0.0024865494837692068,-0.012954475504444729,-0.03575745583429422,0.4482758620689655,54,87,0.5740427639062994,9,3033.396234388747,0.4113579393535959,0.12643678160919541,413,283086056
0.014382994662096622,-0.01732867575267205,-0.005996552496608819,0.45977011494252873,55,87,0.5740427639062996,9,3216.563337515465,0.4056953381807916,0.16091954022988506,414,38571839
0.002585994376799982,-0.0174483869960812,-0.032381202347615254,0.45977011494252873,54,87,0.5740427639062995,9,3044.367772726706,0.4353907102943355,0.12643678160919541,415,1455260919
-0.009712364838228535,-0.012782525641849118,-0.05703736350737362,0.45977011494252873,53,87,0.5740427639062995,9,2732.0648463122197,0.41563802937126976,0.13793103448275862,416,2081577187
-0.011062733546433817,-0.012815550002089893,-0.05810652995859892,0.45977011494252873,53,87,0.5740427639062994,9,3059.0225571373303,0.4407719880685562,0.11494252873563218,417,261633310
-0.026074424760720503,-0.012512352262431525,-0.07913274186672754,0.4367816091954023,52,87,0.5740427639062995,9,3069.994095475289,0.44285501494434615,0.13793103448275862,418,636804503
0.00544008308441586,-0.011738234391474145,-0.02789007862900323,0.45977011494252873,54,87,0.5740427639062994,9,3098.9890950943955,0.437435296410517,0.10344827586206896,419,1087335247
0.0032344680185128387,-0.0187207872841757,-0.034804202093067345,0.45977011494252873,54,87,0.5740427639062996,9,3069.423366548108,0.43761764763475963,0.09195402298850575,420,1991796158
0.014209392291691433,-0.00912430201729042,-0.010658216690331117,0.47126436781609193,55,87,0.5740427639062994,9,2960.4336028556645,0.4353907102943355,0.13793103448275862,421,1490917226
0.0027153099134007907,-0.012401143529753411,-0.034025322578841506,0.45977011494252873,54,87,0.5740427639062996,9,3267.3606758390597,0.4275072080763801,0.11494252873563218,422,1645376470
0.014344268245008139,-0.007381457935163094,-0.008376085536082366,0.47126436781609193,55,87,0.5740427639062995,9,3288.5971632781147,0.4223926259967421,0.11494252873563218,423,1247938414
-0.011701464509574475,-0.014281509308345153,-0.05656469822684333,0.4482758620689655,53,87,0.5740427639062996,9,2991.139338754234,0.419354745254235,0.14942528735632185,424,895577530
0.015437480957129806,-0.011820087085875897,-0.0058989839060703065,0.45977011494252873,55,87,0.5740427639062994,9,3256.389137501101,0.4327559105153709,0.09195402298850575,425,429014944
0.004368939075773741,-0.017003765880697075,-0.031762625431248394,0.47126436781609193,54,87,0.5740427639062994,9,3033.396234388747,0.4438769568821459,0.10344827586206896,426,1856101004
0.003976364096183181,-0.012363964953444273,-0.03250292240752289,0.45977011494252873,54,87,0.5740427639062996,9,2912.7189561227133,0.41563802937126976,0.11494252873563218,427,1726844269
0.00436893907577371,-0.012959848585454736,-0.03314944090541947,0.4482758620689655,54,87,0.5740427639062996,9,3108.945808537668,0.4407719880685562,0.11494252873563218,428,53904683
0.006618443952296694,-0.01205309773071317,-0.03040806588594083,0.4482758620689655,54,87,0.5740427639062994,9,2985.7793631219465,0.4275072080763801,0.10344827586206896,429,1536325111
-0.005289942901274613,-0.012357317942193857,-0.05581144747607445,0.45977011494252873,53,87,0.5740427639062995,9,3038.86022611933,0.4247732865883359,0.10344827586206896,430,181222073
0.012274298234082796,-0.012711645504166369,-0.01120493138613976,0.45977011494252873,55,87,0.5740427639062994,9,3375.6400834394954,0.4275072080763801,0.13793103448275862,431,1586956063
0.001264548332810699,-0.011935516923323619,-0.029001518065266102,0.45977011494252873,54,87,0.5740427639062995,9,3309.971244285298,0.4331897346941647,0.10344827586206896,432,1773722375
0.02681889320100814,-0.012931742832546611,0.014389234660040412,0.45977011494252873,56,87,0.5740427639062996,9,3386.6116217774543,0.4353907102943355,0.11494252873563218,433,281444377
0.00023987027934532944,-0.013139208843387706,-0.03395222962538398,0.47126436781609193,54,87,0.5740427639062995,9,3375.6400834394954,0.4113579393535959,0.11494252873563218,434,931655425
0.0031907680290707416,-0.01256393237396436,-0.03190323025342341,0.45977011494252873,54,87,0.5740427639062994,9,3023.1480772960495,0.4284387196527248,0.13793103448275862,435,265759269
0.01740165567551359,-0.01188343099296596,-0.0046783559742650345,0.45977011494252873,55,87,0.5740427639062995,9,2998.7591212140687,0.42816661955473123,0.11494252873563218,436,1218229283
0.00436893907577371,-0.01266498157234941,-0.03170626144209732,0.4367816091954023,54,87,0.5740427639062995,9,3227.1278777574917,0.4353907102943355,0.12643678160919541,437,1991925409
0.005186087985114184,-0.00956285976105431,-0.032977821104852284,0.45977011494252873,54,87,0.5740427639062994,9,3281.5141267451763,0.4261462785901511,0.12643678160919541,438,173666039
0.0052418607704485636,-0.012098440226448681,-0.030455708809850282,0.45977011494252873,54,87,0.5740427639062994,9,3043.6415388358946,0.4353907102943355,0.12643678160919541,439,853792669
-0.009551394226332015,-0.012272482396799012,-0.05553931737824239,0.4482758620689655,53,87,0.5740427639062996,9,2990.4308957613466,0.43959933031944953,0.10344827586206896,440,2089760398
0.015225040642653516,-0.013052905570141382,-0.011803072105971655,0.4482758620689655,55,87,0.5740427639062994,9,3043.4218363668333,0.4353907102943355,0.11494252873563218,441,646282393
0.003040039311764818,-0.0117244347786859,-0.02923264986043328,0.4482758620689655,54,87,0.5740427639062995,9,3014.819851843349,0.4353907102943355,0.13793103448275862,442,283933216
0.007378011424071006,-0.01195873705993733,-0.032038661094442686,0.45977011494252873,54,87,0.5740427639062996,9,3117.2740339903685,0.4353907102943355,0.10344827586206896,443,1049226247
0.0018557156931752466,-0.012169868869210676,-0.030255450030598617,0.45977011494252873,54,87,0.5740427639062995,9,2973.069069499179,0.4113579393535959,0.13793103448275862,444,1091721808
0.03318676792795288,-0.011632322251053484,0.02111876778209431,0.4482758620689655,56,87,0.5740427639062994,9,3336.6883703771164,0.4537543666735038,0.12643678160919541,445,1423490056
0.0038030281513481284,-0.012668628418975536,-0.03308522985492092,0.45977011494252873,54,87,0.5740427639062994,9,2287.5249506632317,0.4275072080763801,0.11494252873563218,446,673746274
0.0035899084959248036,-0.012857280422090778,-0.03347027464770852,0.47126436781609193,54,87,0.5740427639062994,9,2995.817370308716,0.4407719880685562,0.12643678160919541,447,2052185317
0.014709799942930426,-0.013881116791612302,-0.010541221672969786,0.4482758620689655,55,87,0.5740427639062995,9,2815.789217003585,0.44285501494434615,0.10344827586206896,448,1118887812
0.015625896500719806,-0.008849574317996156,-0.008854422367582866,0.47126436781609193,55,87,0.5740427639062995,9,2832.2948201925683,0.4327506618166388,0.13793103448275862,449,615138587
0.015625896500719834,-0.021010525706621763,-0.011730381974625129,0.45977011494252873,55,87,0.5740427639062995,9,3108.945808537668,0.4210813498649188,0.11494252873563218,450,2062195150
0.004368939075773709,-0.011958704545127263,-0.02914358604075485,0.45977011494252873,54,87,0.5740427639062995,9,3098.9890950943955,0.4522280019080022,0.12643678160919541,451,1986010978
0.02659438274604392,-0.00956572616251894,0.010625062742682552,0.47126436781609193,56,87,0.5740427639062995,9,3291.347751758527,0.4375267026887572,0.11494252873563218,452,1071948193
0.005311620898213799,-0.012155463648687248,-0.030984891687145553,0.45977011494252873,54,87,0.5740427639062995,9,2840.6230456452686,0.44285501494434615,0.12643678160919541,453,53385350
0.0014256304716900633,-0.012229937804464797,-0.032369071362305823,0.4482758620689655,54,87,0.5740427639062994,9,3033.396234388747,0.4407719880685562,0.08045977011494253,454,1281910532
0.004689765029738399,-0.010757195494560112,-0.03306699502984976,0.45977011494252873,54,87,0.5740427639062994,9,2761.6305748585073,0.4353907102943355,0.10344827586206896,455,1192278716
0.026775518498599302,-0.008873216635843617,0.015768119738643088,0.45977011494252873,56,87,0.5740427639062994,9,3176.455443194347,0.4113579393535959,0.10344827586206896,456,318275185
0.014292309948027306,-0.013229889366086711,-0.012442857921092405,0.47126436781609193,55,87,0.5740427639062995,9,3227.1278777574917,0.4522280019080022,0.14942528735632185,457,1361451184
0.009261402103516753,-0.015951305593200793,-0.03302922976343935,0.4482758620689655,54,87,0.5740427639062996,9,3375.6400834394954,0.4275072080763801,0.12643678160919541,458,1805590444
0.001213561913823147,-0.0130846608351185,-0.03583682087754305,0.4482758620689655,54,87,0.5740427639062995,9,3328.360144924416,0.4353907102943355,0.10344827586206896,459,227412942
0.0026111579540532863,-0.012644606635889732,-0.033848524592463736,0.45977011494252873,54,87,0.5740427639062994,9,2686.846160615445,0.4407719880685562,0.09195402298850575,460,1553323531
0.015625896500719803,-0.008905774463430549,-0.007534091075709613,0.45977011494252873,55,87,0.5740427639062995,9,3278.5234545142885,0.44285501494434615,0.11494252873563218,461,301376989
0.015625896500719803,-0.00903013304358058,-0.009345000681265127,0.45977011494252873,55,87,0.5740427639062994,9,2889.7693575216035,0.4353907102943355,0.13793103448275862,462,1608092167
-0.002622550725030606,-0.012982767090282343,-0.05684074971256249,0.45977011494252873,53,87,0.5740427639062995,9,2837.267157439943,0.4353907102943355,0.12643678160919541,463,900041146
0.006562080017626492,-0.01289046678877126,-0.03086405039333416,0.4482758620689655,54,87,0.5740427639062996,9,3059.771162843179,0.4113579393535959,0.11494252873563218,464,13982334
0.003190768029070709,-0.01281872380927418,-0.03366672125359529,0.45977011494252873,54,87,0.5740427639062994,9,2666.2741852156178,0.4407719880685562,0.10344827586206896,465,2074967230
0.013791818450384206,-0.012324755732266657,-0.00537128802538813,0.4482758620689655,55,87,0.5740427639062995,9,3209.0062279139675,0.4522280019080022,0.12643678160919541,466,356418673
-0.008093434206640783,-0.011991906934168961,-0.05394258134564681,0.4367816091954023,53,87,0.5740427639062995,9,3267.3606758390597,0.42211169188929115,0.11494252873563218,467,1279991635
0.015069702143390314,-0.01636570057912412,-0.012108448324741911,0.45977011494252873,55,87,0.5740427639062995,9,2619.3292510015235,0.4353907102943355,0.12643678160919541,468,389700052
0.004814257024331538,-0.015376495856143979,-0.03509822278120697,0.4482758620689655,54,87,0.5740427639062994,9,3278.316563882574,0.4174200140994587,0.11494252873563218,469,2003652110
0.003260806974293103,-0.012580815470769724,-0.033838717015462365,0.45977011494252873,54,87,0.5740427639062996,9,3117.2740339903685,0.41563802937126976,0.12643678160919541,470,1585542024
-0.0012622375275222262,-0.01119140169404731,-0.03611808066749823,0.45977011494252873,54,87,0.5740427639062994,9,2991.139338754234,0.4407719880685562,0.12643678160919541,471,1727351912
0.004368939075773774,-0.009111078549764007,-0.034141623122928476,0.4482758620689655,54,87,0.5740427639062994,9,3014.819851843349,0.4407719880685562,0.13793103448275862,472,927884509
0.005025386896759525,-0.01268262230786954,-0.03305275506222444,0.45977011494252873,54,87,0.5740427639062995,9,2832.2948201925683,0.4407719880685562,0.11494252873563218,473,1003694346
0.001711752946161589,-0.008652638071800611,-0.029184624691554684,0.45977011494252873,54,87,0.5740427639062994,9,2840.6230456452686,0.4353907102943355,0.11494252873563218,474,1362151396
0.004368939075773742,-0.013086989939346205,-0.034068247724143796,0.45977011494252873,54,87,0.5740427639062995,9,2764.7779105786467,0.4275072080763801,0.13793103448275862,475,1685266673
0.006855247279847313,-0.01180452069013338,-0.030272475365222578,0.4482758620689655,54,87,0.5740427639062995,9,3014.819851843349,0.4075978239037677,0.12643678160919541,476,1818874728
0.00436893907577371,-0.012889775040111906,-0.03396961409578617,0.45977011494252873,54,87,0.5740427639062995,9,3059.0225571373303,0.4353907102943355,0.13793103448275862,477,38304201
0.0041153638924605555,-0.01924492480969875,-0.03342455237671144,0.47126436781609193,54,87,0.5740427639062995,9,3278.316563882574,0.4275072080763801,0.1839080459770115,478,1424987187
0.006021954839740966,-0.008461420922939555,-0.030062569832794796,0.4367816091954023,54,87,0.5740427639062995,9,3033.396234388747,0.4353907102943355,0.11494252873563218,479,234384947
0.003627284639899527,-0.012302622273819841,-0.032111696038007856,0.45977011494252873,54,87,0.5740427639062995,9,3023.1480772960495,0.4275072080763801,0.13793103448275862,480,618328739
0.006405793539009287,-0.014148053187767684,-0.030426344084460794,0.45977011494252873,54,87,0.5740427639062995,9,2752.987166859246,0.4407719880685562,0.11494252873563218,481,1781184386
-0.0031767202158404645,-0.01331896758569373,-0.03552480821052817,0.45977011494252873,54,87,0.5740427639062995,9,3170.9161113149094,0.4275072080763801,0.12643678160919541,482,537972942
0.026169583106923962,-0.013166414928936332,0.009880238543492305,0.45977011494252873,56,87,0.5740427639062995,9,3463.792067502167,0.41563802937126976,0.13793103448275862,483,1711151666
0.0036925863437556857,-0.008403025234580475,-0.02813254236223851,0.45977011494252873,54,87,0.5740427639062995,9,3238.0994160954506,0.4353907102943355,0.12643678160919541,484,994301682
0.02025214727583234,-0.01305504582240713,-0.010323792826712433,0.45977011494252873,55,87,0.5740427639062994,9,3085.7888202603644,0.4205437827415853,0.12643678160919541,485,499592188
-0.010671640523872764,-0.00870277592713764,-0.05594902988838518,0.4482758620689655,53,87,0.5740427639062994,9,3098.9890950943955,0.4275072080763801,0.12643678160919541,486,717783944
0.015416504590441063,-0.015089671191728438,-0.008539789014797891,0.45977011494252873,55,87,0.5740427639062995,9,3460.789864506296,0.4522280019080022,0.12643678160919541,487,1139819015
0.006199220783018863,-0.011315329314919409,-0.02768847895640712,0.4482758620689655,54,87,0.5740427639062995,9,3033.396234388747,0.4353907102943355,0.09195402298850575,488,1643141034
0.005053714750400428,-0.012449401702682938,-0.03297989799425408,0.45977011494252873,54,87,0.5740427639062994,9,2998.759121214047,0.44285501494434615,0.11494252873563218,489,1301409064
-0.0012726613173110548,-0.013184662973383832,-0.035727013001901425,0.45977011494252873,54,87,0.5740427639062996,9,3227.1278777574917,0.4353907102943355,0.14942528735632185,490,2004082944
0.0015071938718057842,-0.008987609008481612,-0.0333780932717772,0.45977011494252873,54,87,0.5740427639062994,9,3122.634009622656,0.428435087341469,0.09195402298850575,491,1863455212
0.0011731815419232755,-0.013129877427753511,-0.03733969280760071,0.45977011494252873,54,87,0.5740427639062995,9,3014.819851843349,0.4407719880685562,0.11494252873563218,492,1617814390
0.005265595015958639,-0.012355006861926365,-0.03200778629107583,0.45977011494252873,54,87,0.5740427639062996,9,3181.998882132146,0.4275072080763801,0.11494252873563218,493,1295162757
0.00427135296579026,-0.013072557079500724,-0.03505208303210154,0.45977011494252873,54,87,0.5740427639062995,9,2998.759121214047,0.4056953381807916,0.13793103448275862,494,622460623
0.005261712573393755,-0.01200440438091166,-0.03115250546225482,0.45977011494252873,54,87,0.5740427639062994,9,3288.5971632781147,0.4353907102943355,0.11494252873563218,495,885990698
0.03845982499224482,-0.009856897845092027,0.036780039265747556,0.47126436781609193,57,87,0.5740427639062996,9,2998.759121214047,0.4176234930669549,0.12643678160919541,496,255323538
0.0038532568949602515,-0.012256772705803498,-0.032723865264971605,0.4482758620689655,54,87,0.5740427639062995,9,2818.9704729482983,0.41563802937126976,0.13793103448275862,497,803554114
0.00771480830751844,-0.00834592833942216,-0.03028228646103705,0.45977011494252873,54,87,0.5740427639062995,9,3525.7267252881866,0.41563802937126976,0.14942528735632185,498,1989583992
0.005074458769208377,-0.01192696511233271,-0.02788220593136605,0.4482758620689655,54,87,0.5740427639062994,9,3362.011997092588,0.4407719880685562,0.11494252873563218,499,914574815
